time,dt,right_theta,dtheta
0,1.00E-09,1.125328373,0.000000001
0.01000005,1.00E-09,1.125101622,1.01001E-07
0.0200001,1.00E-09,1.124449797,2.01001E-07
0.03000015,1.00E-09,1.123430916,3.01002E-07
0.0400002,1.00E-09,1.1221357,4.01002E-07
0.05000025,1.00E-09,1.120679489,5.01003E-07
0.0600003,1.00E-09,1.119191968,6.01003E-07
0.07000035,1.00E-09,1.117805602,7.01004E-07
0.0800004,1.00E-09,1.116643843,8.01004E-07
0.09000045,1.00E-09,1.115810123,9.01005E-07
0.1000005,1.00E-09,1.115378641,1.00101E-06
0.11000055,1.00E-09,1.115387759,1.10101E-06
0.1200006,1.00E-09,1.115836585,1.20101E-06
0.13000065,1.00E-09,1.116685061,1.30101E-06
0.1400007,1.00E-09,1.117857539,1.40101E-06
0.15000075,1.00E-09,1.119249528,1.50101E-06
0.1600008,1.00E-09,1.120737013,1.60101E-06
0.17000085,1.00E-09,1.122187511,1.70101E-06
0.1800009,1.00E-09,1.123471881,1.80101E-06
0.19000095,1.00E-09,1.124475828,1.90101E-06
0.200001,1.00E-09,1.125110082,2.00101E-06
0.21000105,1.00E-09,1.125318343,2.10101E-06
0.2200011,1.00E-09,1.125082277,2.20101E-06
0.23000115,1.00E-09,1.124423134,2.30101E-06
0.2400012,1.00E-09,1.123399826,2.40101E-06
0.25000125,1.00E-09,1.122103665,2.50101E-06
0.2600013,1.00E-09,1.120650204,2.60101E-06
0.27000135,1.00E-09,1.119168934,2.70101E-06
0.2800014,1.00E-09,1.117791737,2.80101E-06
0.29000145,1.00E-09,1.116641144,2.90101E-06
0.3000015,1.00E-09,1.115819423,3.00102E-06
0.31000155,1.00E-09,1.115399486,3.10102E-06
0.3200016,1.00E-09,1.115418415,3.20102E-06
0.33000165,1.00E-09,1.115874184,3.30102E-06
0.3400017,1.00E-09,1.116725865,3.40102E-06
0.35000175,1.00E-09,1.117897306,3.50102E-06
0.3600018,1.00E-09,1.119283941,3.60102E-06
0.37000185,1.00E-09,1.120762133,3.70102E-06
0.3800019,1.00E-09,1.122200203,3.80102E-06
0.39000195,1.00E-09,1.123470175,3.90102E-06
0.400002,1.00E-09,1.12445917,4.00102E-06
0.41000205,1.00E-09,1.125079452,4.10102E-06
0.4200021,1.00E-09,1.125276211,4.20102E-06
0.43000215,1.00E-09,1.125032409,4.30102E-06
0.4400022,1.00E-09,1.124370251,4.40102E-06
0.45000225,1.00E-09,1.123349161,4.50102E-06
0.4600023,1.00E-09,1.122060443,4.60102E-06
0.47000235,1.00E-09,1.120619113,4.70102E-06
0.4800024,1.00E-09,1.11915363,4.80102E-06
0.49000245,1.00E-09,1.11779444,4.90102E-06
0.5000025,1.00E-09,1.116662365,5.00103E-06
0.51000255,1.00E-09,1.115857854,5.10103E-06
0.5200026,1.00E-09,1.115452069,5.20103E-06
0.53000265,1.00E-09,1.11548058,5.30103E-06
0.5400027,1.00E-09,1.115940247,5.40103E-06
0.55000275,1.00E-09,1.116789547,5.50103E-06
0.5600028,1.00E-09,1.117952323,5.60103E-06
0.57000285,1.00E-09,1.119324617,5.70103E-06
0.5800029,1.00E-09,1.120783972,5.80103E-06
0.59000295,1.00E-09,1.122200366,5.90103E-06
0.600003,1.00E-09,1.123447815,6.00103E-06
0.61000305,1.00E-09,1.124415585,6.10103E-06
0.6200031,1.00E-09,1.125018029,6.20103E-06
0.63000315,1.00E-09,1.125202174,6.30103E-06
0.6400032,1.00E-09,1.124952374,6.40103E-06
0.65000325,1.00E-09,1.124291633,6.50103E-06
0.6600033,1.00E-09,1.123279484,6.60103E-06
0.67000335,1.00E-09,1.122006623,6.70103E-06
0.6800034,1.00E-09,1.120586772,6.80103E-06
0.69000345,1.00E-09,1.119146523,6.90103E-06
0.7000035,1.00E-09,1.117814043,7.00104E-06
0.71000355,1.00E-09,1.116707669,7.10104E-06
0.7200036,1.00E-09,1.115925392,7.20104E-06
0.73000365,1.00E-09,1.115536177,7.30104E-06
0.7400037,1.00E-09,1.115573871,7.40104E-06
0.75000375,1.00E-09,1.116034258,7.50104E-06
0.7600038,1.00E-09,1.116875506,7.60104E-06
0.77000385,1.00E-09,1.118021962,7.70104E-06
0.7800039,1.00E-09,1.119370961,7.80104E-06
0.79000395,1.00E-09,1.120802025,7.90104E-06
0.800004,1.00E-09,1.122187639,8.00104E-06
0.81000405,1.00E-09,1.123404622,8.10104E-06
0.8200041,1.00E-09,1.124345092,8.20104E-06
0.83000415,1.00E-09,1.124926037,8.30104E-06
0.8400042,1.00E-09,1.125096641,8.40104E-06
0.85000425,1.00E-09,1.12484273,8.50104E-06
0.8600043,1.00E-09,1.124187933,8.60104E-06
0.87000435,1.00E-09,1.123191484,8.70104E-06
0.8800044,1.00E-09,1.121942861,8.80104E-06
0.89000445,1.00E-09,1.120553742,8.90104E-06
0.9000045,1.00E-09,1.119148024,9.00105E-06
0.91000455,1.00E-09,1.117850764,9.10105E-06
0.9200046,1.00E-09,1.116777057,9.20105E-06
0.93000465,1.00E-09,1.116021818,9.30105E-06
0.9400047,1.00E-09,1.11565139,9.40105E-06
0.95000475,1.00E-09,1.115697702,9.50105E-06
0.9600048,1.00E-09,1.11615552,9.60105E-06
0.97000485,1.00E-09,1.116982998,9.70105E-06
0.9800049,1.00E-09,1.118105501,9.80105E-06
0.99000495,1.00E-09,1.119422341,9.90105E-06
1.000005,1.00E-09,1.120815817,1.00011E-05
1.01000505,1.00E-09,1.122161748,1.01011E-05
1.0200051,1.00E-09,1.123340553,1.02011E-05
1.03000515,1.00E-09,1.124247891,1.03011E-05
1.0400052,1.00E-09,1.1248039,1.04011E-05
1.05000525,1.00E-09,1.124960226,1.05011E-05
1.0600053,1.00E-09,1.124704225,1.06011E-05
1.07000535,1.00E-09,1.124059965,1.07011E-05
1.0800054,1.00E-09,1.123085965,1.08011E-05
1.09000545,1.00E-09,1.121869874,1.09011E-05
1.1000055,1.00E-09,1.120520584,1.10011E-05
1.11000555,1.00E-09,1.119158482,1.11011E-05
1.1200056,1.00E-09,1.117904704,1.12011E-05
1.13000565,1.00E-09,1.11687037,1.13011E-05
1.1400057,1.00E-09,1.116146723,1.14011E-05
1.15000575,1.00E-09,1.115797082,1.15011E-05
1.1600058,1.00E-09,1.115851289,1.16011E-05
1.17000585,1.00E-09,1.116303158,1.17011E-05
1.1800059,1.00E-09,1.117111137,1.18011E-05
1.19000595,1.00E-09,1.118202129,1.19011E-05
1.200006,1.00E-09,1.1194781,1.20011E-05
1.21000605,1.00E-09,1.120824905,1.21011E-05
1.2200061,1.00E-09,1.122122511,1.22011E-05
1.23000615,1.00E-09,1.12325571,1.23011E-05
1.2400062,1.00E-09,1.124124361,1.24011E-05
1.25000625,1.00E-09,1.124652245,1.25011E-05
1.2600063,1.00E-09,1.124793749,1.26011E-05
1.27000635,1.00E-09,1.124537799,1.27011E-05
1.2800064,1.00E-09,1.123908704,1.28011E-05
1.29000645,1.00E-09,1.122963842,1.29011E-05
1.3000065,1.00E-09,1.121788435,1.30011E-05
1.31000655,1.00E-09,1.120487854,1.31011E-05
1.3200066,1.00E-09,1.119178181,1.32011E-05
1.33000665,1.00E-09,1.117975847,1.33011E-05
1.3400067,1.00E-09,1.116987286,1.34011E-05
1.35000675,1.00E-09,1.116299507,1.35011E-05
1.3600068,1.00E-09,1.115972428,1.36011E-05
1.37000685,1.00E-09,1.116033651,1.37011E-05
1.3800069,1.00E-09,1.116476126,1.38011E-05
1.39000695,1.00E-09,1.117258911,1.39011E-05
1.400007,1.00E-09,1.118310958,1.40011E-05
1.41000705,1.00E-09,1.119537558,1.41011E-05
1.4200071,1.00E-09,1.120828885,1.42011E-05
1.43000715,1.00E-09,1.122069842,1.43011E-05
1.4400072,1.00E-09,1.123150337,1.44011E-05
1.45000725,1.00E-09,1.12397506,1.45011E-05
1.4600073,1.00E-09,1.124471897,1.46011E-05
1.47000735,1.00E-09,1.124598228,1.47011E-05
1.4800074,1.00E-09,1.124344574,1.48011E-05
1.49000745,1.00E-09,1.123735269,1.49011E-05
1.5000075,1.00E-09,1.122826135,1.50011E-05
1.51000755,1.00E-09,1.121699366,1.51011E-05
1.5200076,1.00E-09,1.120456097,1.52011E-05
1.53000765,1.00E-09,1.119207336,1.53011E-05
1.5400077,1.00E-09,1.118064054,1.54011E-05
1.55000775,1.00E-09,1.117127323,1.55011E-05
1.5600078,1.00E-09,1.116479381,1.56011E-05
1.57000785,1.00E-09,1.116176402,1.57011E-05
1.5800079,1.00E-09,1.116243619,1.58011E-05
1.59000795,1.00E-09,1.116673216,1.59011E-05
1.600008,1.00E-09,1.117425182,1.60011E-05
1.61000805,1.00E-09,1.118431027,1.61011E-05
1.6200081,1.00E-09,1.119600021,1.62011E-05
1.63000815,1.00E-09,1.120827398,1.63011E-05
1.6400082,1.00E-09,1.122003755,1.64011E-05
1.65000825,1.00E-09,1.123024823,1.65011E-05
1.6600083,1.00E-09,1.123800722,1.66011E-05
1.67000835,1.00E-09,1.124263873,1.67011E-05
1.6800084,1.00E-09,1.124374874,1.68011E-05
1.69000845,1.00E-09,1.124125843,1.69011E-05
1.7000085,1.00E-09,1.123540924,1.70011E-05
1.71000855,1.00E-09,1.122673957,1.71011E-05
1.7200086,1.00E-09,1.121603527,1.72011E-05
1.73000865,1.00E-09,1.12042584,1.73011E-05
1.7400087,1.00E-09,1.11924609,1.74011E-05
1.75000875,1.00E-09,1.118169063,1.75011E-05
1.7600088,1.00E-09,1.117289835,1.76011E-05
1.77000885,1.00E-09,1.116685373,1.77011E-05
1.7800089,1.00E-09,1.11640779,1.78011E-05
1.79000895,1.00E-09,1.116479842,1.79011E-05
1.800009,1.00E-09,1.116893065,1.80011E-05
1.81000905,1.00E-09,1.117608698,1.81011E-05
1.8200091,1.00E-09,1.118561309,1.82011E-05
1.83000915,1.00E-09,1.119664787,1.83011E-05
1.8400092,1.00E-09,1.120820132,1.84011E-05
1.85000925,1.00E-09,1.121924361,1.85011E-05
1.8600093,1.00E-09,1.122879701,1.86011E-05
1.87000935,1.00E-09,1.123602256,1.87011E-05
1.8800094,1.00E-09,1.124029378,1.88011E-05
1.89000945,1.00E-09,1.124125084,1.89011E-05
1.9000095,1.00E-09,1.12388307,1.90011E-05
1.91000955,1.00E-09,1.123327063,1.91011E-05
1.9200096,1.00E-09,1.122508509,1.92011E-05
1.93000965,1.00E-09,1.121501812,1.93011E-05
1.9400097,1.00E-09,1.120397587,1.94011E-05
1.95000975,1.00E-09,1.119294506,1.95011E-05
1.9600098,1.00E-09,1.11829049,1.96011E-05
1.97000985,1.00E-09,1.11747402,1.97011E-05
1.9800099,1.00E-09,1.116916331,1.98011E-05
1.99000995,1.00E-09,1.116665191,1.99011E-05
2.00001,1.00E-09,1.116740799,2.00011E-05
2.01001005,1.00E-09,1.117134164,2.01011E-05
2.0200101,1.00E-09,1.1178081,2.02011E-05
2.03001015,1.00E-09,1.118700725,2.03011E-05
2.0400102,1.00E-09,1.119731151,2.04011E-05
2.05001025,1.00E-09,1.120806829,2.05011E-05
2.0600103,1.00E-09,1.121831877,2.06011E-05
2.07001035,1.00E-09,1.122715644,2.07011E-05
2.0800104,1.00E-09,1.123380739,2.08011E-05
2.09001045,1.00E-09,1.123769798,2.09011E-05
2.1000105,1.00E-09,1.123850428,2.10011E-05
2.11001055,1.00E-09,1.123617871,2.11011E-05
2.1200106,1.00E-09,1.123095204,2.12011E-05
2.13001065,1.00E-09,1.122331066,2.13011E-05
2.1400107,1.00E-09,1.121395141,2.14011E-05
2.15001075,1.00E-09,1.120371814,2.15011E-05
2.1600108,1.00E-09,1.119352571,2.16011E-05
2.17001085,1.00E-09,1.118427831,2.17011E-05
2.1800109,1.00E-09,1.117678923,2.18011E-05
2.19001095,1.00E-09,1.117170933,2.19011E-05
2.200011,1.00E-09,1.116947032,2.20011E-05
2.21001105,1.00E-09,1.117024804,2.21011E-05
2.2200111,1.00E-09,1.117394869,2.22011E-05
2.23001115,1.00E-09,1.118021935,2.23011E-05
2.2400112,1.00E-09,1.118848143,2.24011E-05
2.25001125,1.00E-09,1.119798414,2.25011E-05
2.2600113,1.00E-09,1.120787286,2.26011E-05
2.27001135,1.00E-09,1.121726619,2.27011E-05
2.2800114,1.00E-09,1.122533467,2.28011E-05
2.29001145,1.00E-09,1.12313741,2.29011E-05
2.3000115,1.00E-09,1.123486693,2.30011E-05
2.31001155,1.00E-09,1.123552646,2.31011E-05
2.3200116,1.00E-09,1.123332009,2.32011E-05
2.33001165,1.00E-09,1.122846971,2.33011E-05
2.3400117,1.00E-09,1.122142972,2.34011E-05
2.35001175,1.00E-09,1.121284452,2.35011E-05
2.3600118,1.00E-09,1.120348965,2.36011E-05
2.37001185,1.00E-09,1.119420192,2.37011E-05
2.3800119,1.00E-09,1.118580457,2.38011E-05
2.39001195,1.00E-09,1.117903437,2.39011E-05
2.400012,1.00E-09,1.117447688,2.40011E-05
2.41001205,1.00E-09,1.117251571,2.41011E-05
2.4200121,1.00E-09,1.11733002,2.42011E-05
2.43001215,1.00E-09,1.117673413,2.43011E-05
2.4400122,1.00E-09,1.118248667,2.44011E-05
2.45001225,1.00E-09,1.119002397,2.45011E-05
2.4600123,1.00E-09,1.119865886,2.46011E-05
2.47001235,1.00E-09,1.120761358,2.47011E-05
2.4800124,1.00E-09,1.121609006,2.48011E-05
2.49001245,1.00E-09,1.122334117,2.49011E-05
2.5000125,1.00E-09,1.122873666,2.50011E-05
2.51001255,1.00E-09,1.123181782,2.51011E-05
2.5200126,1.00E-09,1.123233631,2.52011E-05
2.53001265,1.00E-09,1.123027378,2.53011E-05
2.5400127,1.00E-09,1.122584093,2.54011E-05
2.55001275,1.00E-09,1.12194563,2.55011E-05
2.5600128,1.00E-09,1.12117069,2.56011E-05
2.57001285,1.00E-09,1.120329445,2.57011E-05
2.5800129,1.00E-09,1.119497192,2.58011E-05
2.59001295,1.00E-09,1.118747625,2.59011E-05
2.600013,1.00E-09,1.118146312,2.60011E-05
2.61001305,1.00E-09,1.117744951,2.61011E-05
2.6200131,1.00E-09,1.117576914,2.62011E-05
2.63001315,1.00E-09,1.117654471,2.63011E-05
2.6400132,1.00E-09,1.117967917,2.64011E-05
2.65001325,1.00E-09,1.118486682,2.65011E-05
2.6600133,1.00E-09,1.11916229,2.66011E-05
2.67001335,1.00E-09,1.119932898,2.67011E-05
2.6800134,1.00E-09,1.120728966,2.68011E-05
2.69001345,1.00E-09,1.121479558,2.69011E-05
2.7000135,1.00E-09,1.122118673,2.70011E-05
2.71001355,1.00E-09,1.12259105,2.71011E-05
2.7200136,1.00E-09,1.122856939,2.72011E-05
2.73001365,1.00E-09,1.122895418,2.73011E-05
2.7400137,1.00E-09,1.122705994,2.74011E-05
2.75001375,1.00E-09,1.122308382,2.75011E-05
2.7600138,1.00E-09,1.121740485,2.76011E-05
2.77001385,1.00E-09,1.121054807,2.77011E-05
2.7800139,1.00E-09,1.120313617,2.78011E-05
2.79001395,1.00E-09,1.119583312,2.79011E-05
2.800014,1.00E-09,1.118928474,2.80011E-05
2.81001405,1.00E-09,1.11840616,2.81011E-05
2.8200141,1.00E-09,1.118060929,2.82011E-05
2.83001415,1.00E-09,1.117921022,2.83011E-05
2.8400142,1.00E-09,1.117996056,2.84011E-05
2.85001425,1.00E-09,1.118276404,2.85011E-05
2.8600143,1.00E-09,1.118734308,2.86011E-05
2.87001435,1.00E-09,1.119326605,2.87011E-05
2.8800144,1.00E-09,1.119998799,2.88011E-05
2.89001445,1.00E-09,1.120690091,2.89011E-05
2.9000145,1.00E-09,1.121338896,2.90011E-05
2.91001455,1.00E-09,1.121888339,2.91011E-05
2.9200146,1.00E-09,1.122291247,2.92011E-05
2.93001465,1.00E-09,1.122514178,2.93011E-05
2.9400147,1.00E-09,1.12254017,2.94011E-05
2.95001475,1.00E-09,1.122369979,2.95011E-05
2.9600148,1.00E-09,1.122021726,2.96011E-05
2.97001485,1.00E-09,1.12152902,2.97011E-05
2.9800149,1.00E-09,1.120937743,2.98011E-05
2.99001495,1.00E-09,1.120301798,2.99011E-05
3.000015,1.00E-09,1.119678212,3.00012E-05
3.01001505,1.00E-09,1.119122032,3.01012E-05
3.0200151,1.00E-09,1.118681466,3.02012E-05
3.03001515,1.00E-09,1.118393694,3.03012E-05
3.0400152,1.00E-09,1.118281725,3.04012E-05
3.05001525,1.00E-09,1.118352558,3.05012E-05
3.0600153,1.00E-09,1.11859681,3.06012E-05
3.07001535,1.00E-09,1.118989821,3.07012E-05
3.0800154,1.00E-09,1.119494113,3.08012E-05
3.09001545,1.00E-09,1.120062972,3.09012E-05
3.1000155,1.00E-09,1.120644783,3.10012E-05
3.11001555,1.00E-09,1.121187734,3.11012E-05
3.1200156,1.00E-09,1.121644438,3.12012E-05
3.13001565,1.00E-09,1.121976069,3.13012E-05
3.1400157,1.00E-09,1.12215564,3.14012E-05
3.15001575,1.00E-09,1.122170169,3.15012E-05
3.1600158,1.00E-09,1.122021545,3.16012E-05
3.17001585,1.00E-09,1.121726072,3.17012E-05
3.1800159,1.00E-09,1.121312743,3.18012E-05
3.19001595,1.00E-09,1.12082043,3.19012E-05
3.200016,1.00E-09,1.120294253,3.20012E-05
3.21001605,1.00E-09,1.119781467,3.21012E-05
3.2200161,1.00E-09,1.119327223,3.22012E-05
3.23001615,1.00E-09,1.118970591,3.23012E-05
3.2400162,1.00E-09,1.118741195,3.24012E-05
3.25001625,1.00E-09,1.118656741,3.25012E-05
3.2600163,1.00E-09,1.118721666,3.26012E-05
3.27001635,1.00E-09,1.118927003,3.27012E-05
3.2800164,1.00E-09,1.119251458,3.28012E-05
3.29001645,1.00E-09,1.119663585,3.29012E-05
3.3000165,1.00E-09,1.120124832,3.30012E-05
3.31001655,1.00E-09,1.120593158,3.31012E-05
3.3200166,1.00E-09,1.121026883,3.32012E-05
3.33001665,1.00E-09,1.121388402,3.33012E-05
3.3400167,1.00E-09,1.121647444,3.34012E-05
3.35001675,1.00E-09,1.121783581,3.35012E-05
3.3600168,1.00E-09,1.121787794,3.36012E-05
3.37001685,1.00E-09,1.121662984,3.37012E-05
3.3800169,1.00E-09,1.121423418,3.38012E-05
3.39001695,1.00E-09,1.121093176,3.39012E-05
3.400017,1.00E-09,1.120703775,3.40012E-05
3.41001705,1.00E-09,1.120291197,3.41012E-05
3.4200171,1.00E-09,1.119892576,3.42012E-05
3.43001715,1.00E-09,1.119542869,3.43012E-05
3.4400172,1.00E-09,1.119271789,3.44012E-05
3.45001725,1.00E-09,1.119101267,3.45012E-05
3.4600173,1.00E-09,1.119043682,3.46012E-05
3.47001735,1.00E-09,1.119100983,3.47012E-05
3.4800174,1.00E-09,1.119264791,3.48012E-05
3.49001745,1.00E-09,1.119517432,3.49012E-05
3.5000175,1.00E-09,1.119833798,3.50012E-05
3.51001755,1.00E-09,1.120183833,3.51012E-05
3.5200176,1.00E-09,1.120535399,3.52012E-05
3.53001765,1.00E-09,1.120857239,3.53012E-05
3.5400177,1.00E-09,1.121121765,3.54012E-05
3.55001775,1.00E-09,1.121307409,3.55012E-05
3.5600178,1.00E-09,1.121400355,3.56012E-05
3.57001785,1.00E-09,1.121395508,3.57012E-05
3.5800179,1.00E-09,1.121296649,3.58012E-05
3.59001795,1.00E-09,1.121115793,3.59012E-05
3.600018,1.00E-09,1.120871842,3.60012E-05
3.61001805,1.00E-09,1.120588662,3.61012E-05
3.6200181,1.00E-09,1.120292786,3.62012E-05
3.63001815,1.00E-09,1.120010955,3.63012E-05
3.6400182,1.00E-09,1.119767701,3.64012E-05
3.65001825,1.00E-09,1.119583212,3.65012E-05
3.6600183,1.00E-09,1.119471651,3.66012E-05
3.67001835,1.00E-09,1.119440075,3.67012E-05
3.6800184,1.00E-09,1.119488045,3.68012E-05
3.69001845,1.00E-09,1.119607942,3.69012E-05
3.7000185,1.00E-09,1.119785943,3.70012E-05
3.71001855,1.00E-09,1.120003546,3.71012E-05
3.7200186,1.00E-09,1.120239474,3.72012E-05
3.73001865,1.00E-09,1.120471756,3.73012E-05
3.7400187,1.00E-09,1.120679786,3.74012E-05
3.75001875,1.00E-09,1.120846155,3.75012E-05
3.7600188,1.00E-09,1.120958091,3.76012E-05
3.77001885,1.00E-09,1.121008402,3.77012E-05
3.7800189,1.00E-09,1.120995844,3.78012E-05
3.79001895,1.00E-09,1.120924936,3.79012E-05
3.800019,1.00E-09,1.120805247,3.80012E-05
3.81001905,1.00E-09,1.120650258,3.81012E-05
3.8200191,1.00E-09,1.120475935,3.82012E-05
3.83001915,1.00E-09,1.120299122,3.83012E-05
3.8400192,1.00E-09,1.120135949,3.84012E-05
3.85001925,1.00E-09,1.12000036,3.85012E-05
3.8600193,1.00E-09,1.119902922,3.86012E-05
3.87001935,1.00E-09,1.119850001,3.87012E-05
3.8800194,1.00E-09,1.119843379,3.88012E-05
3.89001945,1.00E-09,1.11988034,3.89012E-05
3.9000195,1.00E-09,1.119954197,3.90012E-05
3.91001955,1.00E-09,1.120055189,3.91012E-05
3.9200196,1.00E-09,1.120171649,3.92012E-05
3.93001965,1.00E-09,1.120291302,3.93012E-05
3.9400197,1.00E-09,1.120402547,3.94012E-05
3.95001975,1.00E-09,1.120495584,3.95012E-05
3.9600198,1.00E-09,1.120563282,3.96012E-05
3.97001985,1.00E-09,1.120601699,3.97012E-05
3.9800199,1.00E-09,1.120610229,3.98012E-05
3.99001995,1.00E-09,1.120591386,3.99012E-05
4.00002,1.00E-09,1.120550276,4.00012E-05
4.01002005,1.00E-09,1.120493834,4.01012E-05
4.0200201,1.00E-09,1.120429923,4.02012E-05
4.03002015,1.00E-09,1.1203664,4.03012E-05
4.0400202,1.00E-09,1.120310244,4.04012E-05
4.05002025,1.00E-09,1.120266827,4.05012E-05
4.0600203,1.00E-09,1.120239412,4.06012E-05
4.07002035,1.00E-09,1.120228908,4.07012E-05
4.0800204,1.00E-09,1.120233906,4.08012E-05
4.09002045,1.00E-09,1.120250997,4.09012E-05
4.1000205,1.00E-09,1.12027532,4.10012E-05
4.11002055,1.00E-09,1.120301286,4.11012E-05
4.1200206,1.00E-09,1.12032338,4.12012E-05
4.13002065,1.00E-09,1.120336958,4.13012E-05
4.1400207,1.00E-09,1.120338916,4.14012E-05
4.15002075,1.00E-09,1.120328154,4.15012E-05
4.1600208,1.00E-09,1.120305765,4.16012E-05
4.17002085,1.00E-09,1.120274929,4.17012E-05
4.1800209,1.00E-09,1.120240505,4.18012E-05
4.19002095,1.00E-09,1.120208397,4.19012E-05
4.200021,1.00E-09,1.120184752,4.20012E-05
4.21002105,1.00E-09,1.12017511,4.21012E-05
4.2200211,1.00E-09,1.120183602,4.22012E-05
4.23002115,1.00E-09,1.120212304,4.23012E-05
4.2400212,1.00E-09,1.120260818,4.24012E-05
4.25002125,1.00E-09,1.120326133,4.25012E-05
4.2600213,1.00E-09,1.120402793,4.26012E-05
4.27002135,1.00E-09,1.120483353,4.27012E-05
4.2800214,1.00E-09,1.120559091,4.28012E-05
4.29002145,1.00E-09,1.1206209,4.29012E-05
4.3000215,1.00E-09,1.120660297,4.30012E-05
4.31002155,1.00E-09,1.120670421,4.31012E-05
4.3200216,1.00E-09,1.120646941,4.32012E-05
4.33002165,1.00E-09,1.12058875,4.33012E-05
4.3400217,1.00E-09,1.120498369,4.34012E-05
4.35002175,1.00E-09,1.120381971,4.35012E-05
4.3600218,1.00E-09,1.120249023,4.36012E-05
4.37002185,1.00E-09,1.120111528,4.37012E-05
4.3800219,1.00E-09,1.119982938,4.38012E-05
4.39002195,1.00E-09,1.119876833,4.39012E-05
4.400022,1.00E-09,1.119805502,4.40012E-05
4.41002205,1.00E-09,1.119778578,4.41012E-05
4.4200221,1.00E-09,1.119801877,4.42012E-05
4.43002215,1.00E-09,1.119876576,4.43012E-05
4.4400222,1.00E-09,1.119998832,4.44012E-05
4.45002225,1.00E-09,1.120159893,4.45012E-05
4.4600223,1.00E-09,1.120346708,4.46012E-05
4.47002235,1.00E-09,1.120542987,4.47012E-05
4.4800224,1.00E-09,1.120730621,4.48012E-05
4.49002245,1.00E-09,1.120891345,4.49012E-05
4.5000225,1.00E-09,1.121008483,4.50012E-05
4.51002255,1.00E-09,1.121068626,4.51012E-05
4.5200226,1.00E-09,1.121063076,4.52012E-05
4.53002265,1.00E-09,1.120988913,4.53012E-05
4.5400227,1.00E-09,1.120849571,4.54012E-05
4.55002275,1.00E-09,1.120654824,4.55012E-05
4.5600228,1.00E-09,1.120420177,4.56012E-05
4.57002285,1.00E-09,1.12016566,4.57012E-05
4.5800229,1.00E-09,1.119914128,4.58012E-05
4.59002295,1.00E-09,1.119689202,4.59012E-05
4.600023,1.00E-09,1.11951304,4.60012E-05
4.61002305,1.00E-09,1.119404157,4.61012E-05
4.6200231,1.00E-09,1.119375499,4.62012E-05
4.63002315,1.00E-09,1.119432999,4.63012E-05
4.6400232,1.00E-09,1.119574747,4.64012E-05
4.65002325,1.00E-09,1.119790888,4.65012E-05
4.6600233,1.00E-09,1.120064276,4.66012E-05
4.67002335,1.00E-09,1.12037183,4.67012E-05
4.6800234,1.00E-09,1.12068649,4.68012E-05
4.69002345,1.00E-09,1.120979601,4.69012E-05
4.7000235,1.00E-09,1.121223505,4.70012E-05
4.71002355,1.00E-09,1.121394133,4.71012E-05
4.7200236,1.00E-09,1.121473332,4.72012E-05
4.73002365,1.00E-09,1.121450738,4.73012E-05
4.7400237,1.00E-09,1.12132499,4.74012E-05
4.75002375,1.00E-09,1.121104158,4.75012E-05
4.7600238,1.00E-09,1.120805324,4.76012E-05
4.77002385,1.00E-09,1.120453308,4.77012E-05
4.7800239,1.00E-09,1.12007863,4.78012E-05
4.79002395,1.00E-09,1.11971487,4.79012E-05
4.800024,1.00E-09,1.119395648,4.80012E-05
4.81002405,1.00E-09,1.119151506,4.81012E-05
4.8200241,1.00E-09,1.119006976,4.82012E-05
4.83002415,1.00E-09,1.118978131,4.83012E-05
4.8400242,1.00E-09,1.11907086,4.84012E-05
4.85002425,1.00E-09,1.119280054,4.85012E-05
4.8600243,1.00E-09,1.119589796,4.86012E-05
4.87002435,1.00E-09,1.119974554,4.87012E-05
4.8800244,1.00E-09,1.120401298,4.88012E-05
4.89002445,1.00E-09,1.120832335,4.89012E-05
4.9000245,1.00E-09,1.121228642,4.90012E-05
4.91002455,1.00E-09,1.121553386,4.91012E-05
4.9200246,1.00E-09,1.121775324,4.92012E-05
4.93002465,1.00E-09,1.121871776,4.93012E-05
4.9400247,1.00E-09,1.121830894,4.94012E-05
4.95002475,1.00E-09,1.121653004,4.95012E-05
4.9600248,1.00E-09,1.121350888,4.96012E-05
4.97002485,1.00E-09,1.120948932,4.97012E-05
4.9800249,1.00E-09,1.120481197,4.98012E-05
4.99002495,1.00E-09,1.11998855,4.99012E-05
5.000025,1.00E-09,1.119515098,5.00013E-05
5.01002505,1.00E-09,1.119104228,5.01013E-05
5.0200251,1.00E-09,1.118794612,5.02013E-05
5.03002515,1.00E-09,1.11861656,5.03013E-05
5.0400252,1.00E-09,1.118589058,5.04013E-05
5.05002525,1.00E-09,1.118717797,5.05013E-05
5.0600253,1.00E-09,1.118994379,5.06013E-05
5.07002535,1.00E-09,1.119396811,5.07013E-05
5.0800254,1.00E-09,1.119891249,5.08013E-05
5.09002545,1.00E-09,1.120434854,5.09013E-05
5.1000255,1.00E-09,1.120979505,5.10013E-05
5.11002555,1.00E-09,1.121476064,5.11013E-05
5.1200256,1.00E-09,1.121878793,5.12013E-05
5.13002565,1.00E-09,1.122149546,5.13013E-05
5.1400257,1.00E-09,1.122261355,5.14013E-05
5.15002575,1.00E-09,1.122201078,5.15013E-05
5.1600258,1.00E-09,1.121970853,5.16013E-05
5.17002585,1.00E-09,1.121588207,5.17013E-05
5.1800259,1.00E-09,1.121084781,5.18013E-05
5.19002595,1.00E-09,1.120503739,5.19013E-05
5.200026,1.00E-09,1.119896087,5.20013E-05
5.21002605,1.00E-09,1.119316191,5.21013E-05
5.2200261,1.00E-09,1.118816904,5.22013E-05
5.23002615,1.00E-09,1.118444728,5.23013E-05
5.2400262,1.00E-09,1.118235472,5.24013E-05
5.25002625,1.00E-09,1.11821081,5.25013E-05
5.2600263,1.00E-09,1.118376078,5.26013E-05
5.27002635,1.00E-09,1.118719526,5.27013E-05
5.2800264,1.00E-09,1.119213116,5.28013E-05
5.29002645,1.00E-09,1.119814815,5.29013E-05
5.3000265,1.00E-09,1.120472183,5.30013E-05
5.31002655,1.00E-09,1.121126948,5.31013E-05
5.3200266,1.00E-09,1.121720172,5.32013E-05
5.33002665,1.00E-09,1.122197539,5.33013E-05
5.3400267,1.00E-09,1.122514316,5.34013E-05
5.35002675,1.00E-09,1.122639514,5.35013E-05
5.3600268,1.00E-09,1.122558894,5.36013E-05
5.37002685,1.00E-09,1.12227651,5.37013E-05
5.3800269,1.00E-09,1.121814641,5.38013E-05
5.39002695,1.00E-09,1.121212078,5.39013E-05
5.400027,1.00E-09,1.120520894,5.40013E-05
5.41002705,1.00E-09,1.119801953,5.41013E-05
5.4200271,1.00E-09,1.119119547,5.42013E-05
5.43002715,1.00E-09,1.118535636,5.43013E-05
5.4400272,1.00E-09,1.118104197,5.44013E-05
5.45002725,1.00E-09,1.117866228,5.45013E-05
5.4600273,1.00E-09,1.117845848,5.46013E-05
5.47002735,1.00E-09,1.118047893,5.47013E-05
5.4800274,1.00E-09,1.118457216,5.48013E-05
5.49002745,1.00E-09,1.119039811,5.49013E-05
5.5000275,1.00E-09,1.119745634,5.50013E-05
5.51002755,1.00E-09,1.120512919,5.51013E-05
5.5200276,1.00E-09,1.121273581,5.52013E-05
5.53002765,1.00E-09,1.121959263,5.53013E-05
5.5400277,1.00E-09,1.122507459,5.54013E-05
5.55002775,1.00E-09,1.1228672,5.55013E-05
5.5600278,1.00E-09,1.123003768,5.56013E-05
5.57002785,1.00E-09,1.122902027,5.57013E-05
5.5800279,1.00E-09,1.122568039,5.58013E-05
5.59002795,1.00E-09,1.122028802,5.59013E-05
5.600028,1.00E-09,1.12133011,5.60013E-05
5.61002805,1.00E-09,1.120532683,5.61013E-05
5.6200281,1.00E-09,1.119706899,5.62013E-05
5.63002815,1.00E-09,1.118926578,5.63013E-05
5.6400282,1.00E-09,1.118262365,5.64013E-05
5.65002825,1.00E-09,1.117775316,5.65013E-05
5.6600283,1.00E-09,1.117511273,5.66013E-05
5.67002835,1.00E-09,1.117496549,5.67013E-05
5.6800284,1.00E-09,1.117735333,5.68013E-05
5.69002845,1.00E-09,1.118209074,5.69013E-05
5.7000285,1.00E-09,1.118877906,5.70013E-05
5.71002855,1.00E-09,1.119684016,5.71013E-05
5.7200286,1.00E-09,1.120556642,5.72013E-05
5.73002865,1.00E-09,1.121418298,5.73013E-05
5.7400287,1.00E-09,1.122191645,5.74013E-05
5.75002875,1.00E-09,1.122806426,5.75013E-05
5.7600288,1.00E-09,1.123205827,5.76013E-05
5.77002885,1.00E-09,1.123351716,5.77013E-05
5.7800289,1.00E-09,1.123228262,5.78013E-05
5.79002895,1.00E-09,1.122843607,5.79013E-05
5.800029,1.00E-09,1.122229404,5.80013E-05
5.81002905,1.00E-09,1.121438247,5.81013E-05
5.8200291,1.00E-09,1.120539188,5.82013E-05
5.83002915,1.00E-09,1.11961171,5.83013E-05
5.8400292,1.00E-09,1.118738697,5.84013E-05
5.85002925,1.00E-09,1.117999005,5.85013E-05
5.8600293,1.00E-09,1.117460325,5.86013E-05
5.87002935,1.00E-09,1.117172973,5.87013E-05
5.8800294,1.00E-09,1.117165187,5.88013E-05
5.89002945,1.00E-09,1.117440384,5.89013E-05
5.9000295,1.00E-09,1.117976615,5.90013E-05
5.91002955,1.00E-09,1.118728319,5.91013E-05
5.9200296,1.00E-09,1.119630194,5.92013E-05
5.93002965,1.00E-09,1.120602887,5.93013E-05
5.9400297,1.00E-09,1.121559976,5.94013E-05
5.95002975,1.00E-09,1.122415643,5.95013E-05
5.9600298,1.00E-09,1.123092361,5.96013E-05
5.97002985,1.00E-09,1.123527904,5.97013E-05
5.9800299,1.00E-09,1.123681056,5.98013E-05
5.99002995,1.00E-09,1.123535495,5.99013E-05
6.00003,1.00E-09,1.123101494,6.00013E-05
6.01003005,1.00E-09,1.122415263,6.01013E-05
6.0200301,1.00E-09,1.121535948,6.02013E-05
6.03003015,1.00E-09,1.120540554,6.03013E-05
6.0400302,1.00E-09,1.119517199,6.04013E-05
6.05003025,1.00E-09,1.118557309,6.05013E-05
6.0600303,1.00E-09,1.117747425,6.06013E-05
6.07003035,1.00E-09,1.117161387,6.07013E-05
6.0800304,1.00E-09,1.116853588,6.08013E-05
6.09003045,1.00E-09,1.116853923,6.09013E-05
6.1000305,1.00E-09,1.117164908,6.10013E-05
6.11003055,1.00E-09,1.117761242,6.11013E-05
6.1200306,1.00E-09,1.118591863,6.12013E-05
6.13003065,1.00E-09,1.11958433,6.13013E-05
6.1400307,1.00E-09,1.120651148,6.14013E-05
6.15003075,1.00E-09,1.121697489,6.15013E-05
6.1600308,1.00E-09,1.122629612,6.16013E-05
6.17003085,1.00E-09,1.123363255,6.17013E-05
6.1800309,1.00E-09,1.123831237,6.18013E-05
6.19003095,1.00E-09,1.123989606,6.19013E-05
6.200031,1.00E-09,1.123821748,6.20013E-05
6.21003105,1.00E-09,1.123340108,6.21013E-05
6.2200311,1.00E-09,1.12258531,6.22013E-05
6.23003115,1.00E-09,1.121622759,6.23013E-05
6.2400312,1.00E-09,1.120536981,6.24013E-05
6.25003125,1.00E-09,1.1194242,6.25013E-05
6.2600313,1.00E-09,1.118383802,6.26013E-05
6.27003135,1.00E-09,1.117509438,6.27013E-05
6.2800314,1.00E-09,1.116880577,6.28013E-05
6.29003145,1.00E-09,1.116555268,6.29013E-05
6.3000315,1.00E-09,1.116564785,6.30013E-05
6.31003155,1.00E-09,1.116910635,6.31013E-05
6.3200316,1.00E-09,1.117564231,6.32013E-05
6.33003165,1.00E-09,1.118469251,6.33013E-05
6.3400317,1.00E-09,1.119546507,6.34013E-05
6.35003175,1.00E-09,1.120700878,6.35013E-05
6.3600318,1.00E-09,1.121829712,6.36013E-05
6.37003185,1.00E-09,1.122831953,6.37013E-05
6.3800319,1.00E-09,1.123617177,6.38013E-05
6.39003195,1.00E-09,1.12411374,6.39013E-05
6.400032,1.00E-09,1.124275311,6.40013E-05
6.41003205,1.00E-09,1.124085185,6.41013E-05
6.4200321,1.00E-09,1.12355799,6.42013E-05
6.43003215,1.00E-09,1.122738596,6.43013E-05
6.4400322,1.00E-09,1.121698321,6.44013E-05
6.45003225,1.00E-09,1.120528727,6.45013E-05
6.4600323,1.00E-09,1.119333559,6.46013E-05
6.47003235,1.00E-09,1.118219534,6.47013E-05
6.4800324,1.00E-09,1.117286788,6.48013E-05
6.49003245,1.00E-09,1.116619864,6.49013E-05
6.5000325,1.00E-09,1.11628003,6.50013E-05
6.51003255,1.00E-09,1.116299658,6.51013E-05
6.5200326,1.00E-09,1.116679149,6.52013E-05
6.53003265,1.00E-09,1.117386724,6.53013E-05
6.5400327,1.00E-09,1.118361085,6.54013E-05
6.55003275,1.00E-09,1.119516737,6.55013E-05
6.5600328,1.00E-09,1.120751497,6.56013E-05
6.57003285,1.00E-09,1.121955532,6.57013E-05
6.5800329,1.00E-09,1.12302112,6.58013E-05
6.59003295,1.00E-09,1.12385229,6.59013E-05
6.600033,1.00E-09,1.124373451,6.60013E-05
6.61003305,1.00E-09,1.124536263,6.61013E-05
6.6200331,1.00E-09,1.124324121,6.62013E-05
6.63003315,1.00E-09,1.123753828,6.63013E-05
6.6400332,1.00E-09,1.122874296,6.64013E-05
6.65003325,1.00E-09,1.121762366,6.65013E-05
6.6600333,1.00E-09,1.120516102,6.66013E-05
6.67003335,1.00E-09,1.119246133,6.67013E-05
6.6800334,1.00E-09,1.118065823,6.68013E-05
6.69003345,1.00E-09,1.117081136,6.69013E-05
6.7000335,1.00E-09,1.116381099,6.70013E-05
6.71003355,1.00E-09,1.11602975,6.71013E-05
6.7200336,1.00E-09,1.116060272,6.72013E-05
6.73003365,1.00E-09,1.116471881,6.73013E-05
6.7400337,1.00E-09,1.117229727,6.74013E-05
6.75003375,1.00E-09,1.118267857,6.75013E-05
6.7600338,1.00E-09,1.119494958,6.76013E-05
6.77003385,1.00E-09,1.120802401,6.77013E-05
6.7800339,1.00E-09,1.122073854,6.78013E-05
6.79003395,1.00E-09,1.123195635,6.79013E-05
6.800034,1.00E-09,1.124066868,6.80013E-05
6.81003405,1.00E-09,1.124608549,6.81013E-05
6.8200341,1.00E-09,1.124770712,6.82013E-05
6.83003415,1.00E-09,1.124537032,6.83013E-05
6.8400342,1.00E-09,1.123926462,6.84013E-05
6.85003425,1.00E-09,1.122991713,6.85013E-05
6.8600343,1.00E-09,1.121814721,6.86013E-05
6.87003435,1.00E-09,1.120499466,6.87013E-05
6.8800344,1.00E-09,1.119162776,6.88013E-05
6.89003445,1.00E-09,1.117923941,6.89013E-05
6.9000345,1.00E-09,1.116894048,6.90013E-05
6.91003455,1.00E-09,1.116166004,6.91013E-05
6.9200346,1.00E-09,1.115806144,6.92013E-05
6.93003465,1.00E-09,1.115848189,6.93013E-05
6.9400347,1.00E-09,1.116290095,6.94013E-05
6.95003475,1.00E-09,1.117094098,6.95013E-05
6.9600348,1.00E-09,1.118189943,6.96013E-05
6.97003485,1.00E-09,1.119481035,6.97013E-05
6.9800349,1.00E-09,1.120852958,6.98013E-05
6.99003495,1.00E-09,1.122183615,6.99013E-05
7.000035,1.00E-09,1.123354097,7.00014E-05
7.01003505,1.00E-09,1.1242593,7.01014E-05
7.0200351,1.00E-09,1.124817365,7.02014E-05
7.03003515,1.00E-09,1.124977077,7.03014E-05
7.0400352,1.00E-09,1.12472257,7.04014E-05
7.05003525,1.00E-09,1.124074892,7.05014E-05
7.0600353,1.00E-09,1.123090284,7.06014E-05
7.07003535,1.00E-09,1.121855305,7.07014E-05
7.0800354,1.00E-09,1.120479222,7.08014E-05
7.09003545,1.00E-09,1.119084337,7.09014E-05
7.1000355,1.00E-09,1.117795098,7.10014E-05
7.11003555,1.00E-09,1.116726986,7.11014E-05
7.1200356,1.00E-09,1.115976155,7.12014E-05
7.13003565,1.00E-09,1.115610763,7.13014E-05
7.1400357,1.00E-09,1.115664791,7.14014E-05
7.15003575,1.00E-09,1.116134887,7.15014E-05
7.1600358,1.00E-09,1.116980547,7.16014E-05
7.17003585,1.00E-09,1.11812761,7.17014E-05
7.1800359,1.00E-09,1.119474769,7.18014E-05
7.19003595,1.00E-09,1.120902525,7.19014E-05
7.200036,1.00E-09,1.122283789,7.20014E-05
7.21003605,1.00E-09,1.123495194,7.21014E-05
7.2200361,1.00E-09,1.124428112,7.22014E-05
7.23003615,1.00E-09,1.124998393,7.23014E-05
7.2400362,1.00E-09,1.125153961,7.24014E-05
7.25003625,1.00E-09,1.124879567,7.25014E-05
7.2600363,1.00E-09,1.124198286,7.26014E-05
7.27003635,1.00E-09,1.123169582,7.27014E-05
7.2800364,1.00E-09,1.12188413,7.28014E-05
7.29003645,1.00E-09,1.120455818,7.29014E-05
7.3000365,1.00E-09,1.119011648,7.30014E-05
7.31003655,1.00E-09,1.117680434,7.31014E-05
7.3200366,1.00E-09,1.116581292,7.32014E-05
7.33003665,1.00E-09,1.115812972,7.33014E-05
7.3400367,1.00E-09,1.115444977,7.34014E-05
7.35003675,1.00E-09,1.115511276,7.35014E-05
7.3600368,1.00E-09,1.116007173,7.36014E-05
7.37003685,1.00E-09,1.11688963,7.37014E-05
7.3800369,1.00E-09,1.118081005,7.38014E-05
7.39003695,1.00E-09,1.11947589,7.39014E-05
7.400037,1.00E-09,1.120950446,7.40014E-05
7.41003705,1.00E-09,1.122373395,7.41014E-05
7.4200371,1.00E-09,1.123617714,7.42014E-05
7.43003715,1.00E-09,1.124571969,7.43014E-05
7.4400372,1.00E-09,1.125150302,7.44014E-05
7.45003725,1.00E-09,1.125300152,7.45014E-05
7.4600373,1.00E-09,1.125007045,7.46014E-05
7.47003735,1.00E-09,1.124295981,7.47014E-05
7.4800374,1.00E-09,1.123229317,7.48014E-05
7.49003745,1.00E-09,1.1219013,7.49014E-05
7.5000375,1.00E-09,1.120429733,7.50014E-05
7.51003755,1.00E-09,1.118945523,7.51014E-05
7.5200376,1.00E-09,1.117581015,7.52014E-05
7.53003765,1.00E-09,1.116458183,7.53014E-05
7.5400377,1.00E-09,1.115677713,7.54014E-05
7.55003775,1.00E-09,1.115309969,7.55014E-05
7.5600378,1.00E-09,1.115388645,7.56014E-05
7.57003785,1.00E-09,1.115907685,7.57014E-05
7.5800379,1.00E-09,1.116821747,7.58014E-05
7.59003795,1.00E-09,1.118050163,7.59014E-05
7.600038,1.00E-09,1.119484071,7.60014E-05
7.61003805,1.00E-09,1.120996062,7.61014E-05
7.6200381,1.00E-09,1.122451509,7.62014E-05
7.63003815,1.00E-09,1.123720553,7.63014E-05
7.6400382,1.00E-09,1.124689694,7.64014E-05
7.65003825,1.00E-09,1.125271945,7.65014E-05
7.6600383,1.00E-09,1.125414643,7.66014E-05
7.67003835,1.00E-09,1.125104221,7.67014E-05
7.6800384,1.00E-09,1.124367489,7.68014E-05
7.69003845,1.00E-09,1.123269336,7.69014E-05
7.7000385,1.00E-09,1.121907004,7.70014E-05
7.71003855,1.00E-09,1.120401481,7.71014E-05
7.7200386,1.00E-09,1.118886741,7.72014E-05
7.73003865,1.00E-09,1.117497814,7.73014E-05
7.7400387,1.00E-09,1.116358736,7.74014E-05
7.75003875,1.00E-09,1.115571458,7.75014E-05
7.7600388,1.00E-09,1.115206722,7.76014E-05
7.77003885,1.00E-09,1.115297697,7.77014E-05
7.7800389,1.00E-09,1.115836968,7.78014E-05
7.79003895,1.00E-09,1.11677714,7.79014E-05
7.800039,1.00E-09,1.118035008,7.80014E-05
7.81003905,1.00E-09,1.119498925,7.81014E-05
7.8200391,1.00E-09,1.121038719,7.82014E-05
7.83003915,1.00E-09,1.12251727,7.83014E-05
7.8400392,1.00E-09,1.123802727,7.84014E-05
7.85003925,1.00E-09,1.12478027,7.85014E-05
7.8600393,1.00E-09,1.125362369,7.86014E-05
7.87003935,1.00E-09,1.12549663,7.87014E-05
7.8800394,1.00E-09,1.125170512,7.88014E-05
7.89003945,1.00E-09,1.1244125,7.89014E-05
7.9000395,1.00E-09,1.123289623,7.90014E-05
7.91003955,1.00E-09,1.121901521,7.91014E-05
7.9200396,1.00E-09,1.120371599,7.92014E-05
7.93003965,1.00E-09,1.118836049,7.93014E-05
7.9400397,1.00E-09,1.117431714,7.94014E-05
7.95003975,1.00E-09,1.116283883,7.95014E-05
7.9600398,1.00E-09,1.115495104,7.96014E-05
7.97003985,1.00E-09,1.115136017,7.97014E-05
7.9800399,1.00E-09,1.115239026,7.98014E-05
7.99003995,1.00E-09,1.115795374,7.99014E-05
8.00004,1.00E-09,1.116755894,8.00014E-05
8.01004005,1.00E-09,1.11803535,8.01014E-05
8.0200401,1.00E-09,1.119520013,8.02014E-05
8.03004015,1.00E-09,1.121077769,8.03014E-05
8.0400402,1.00E-09,1.122569887,8.04014E-05
8.05004025,1.00E-09,1.123863378,8.05014E-05
8.0600403,1.00E-09,1.124842853,8.06014E-05
8.07004035,1.00E-09,1.125420823,8.07014E-05
8.0800404,1.00E-09,1.125545521,8.08014E-05
8.09004045,1.00E-09,1.12520554,8.09014E-05
8.1000405,1.00E-09,1.12443088,8.10014E-05
8.11004055,1.00E-09,1.123290299,8.11014E-05
8.1200406,1.00E-09,1.121885206,8.12014E-05
8.13004065,1.00E-09,1.120340644,8.13014E-05
8.1400407,1.00E-09,1.118794148,8.14014E-05
8.15004075,1.00E-09,1.117383491,8.15014E-05
8.1600408,1.00E-09,1.116234404,8.16014E-05
8.17004085,1.00E-09,1.115449358,8.17014E-05
8.1800409,1.00E-09,1.115098424,8.18014E-05
8.19004095,1.00E-09,1.115213012,8.19014E-05
8.200041,1.00E-09,1.115783065,8.20014E-05
8.21004105,1.00E-09,1.116757936,8.21014E-05
8.2200411,1.00E-09,1.118050894,8.22014E-05
8.23004115,1.00E-09,1.119546846,8.23014E-05
8.2400412,1.00E-09,1.121112581,8.24014E-05
8.25004125,1.00E-09,1.12260865,8.25014E-05
8.2600413,1.00E-09,1.123901783,8.26014E-05
8.27004135,1.00E-09,1.124876777,8.27014E-05
8.2800414,1.00E-09,1.12544676,8.28014E-05
8.29004145,1.00E-09,1.125560941,8.29014E-05
8.3000415,1.00E-09,1.125209135,8.30014E-05
8.31004155,1.00E-09,1.124422675,8.31014E-05
8.3200416,1.00E-09,1.123271617,8.32014E-05
8.33004165,1.00E-09,1.121858496,8.33014E-05
8.3400417,1.00E-09,1.120309188,8.34014E-05
8.35004175,1.00E-09,1.118761688,8.35014E-05
8.3600418,1.00E-09,1.117353812,8.36014E-05
8.37004185,1.00E-09,1.116210916,8.37014E-05
8.3800419,1.00E-09,1.115434731,8.38014E-05
8.39004195,1.00E-09,1.115094297,8.39014E-05
8.400042,1.00E-09,1.115219825,8.40014E-05
8.41004205,1.00E-09,1.115800007,8.41014E-05
8.4200421,1.00E-09,1.116783037,8.42014E-05
8.43004215,1.00E-09,1.118081241,8.43014E-05
8.4400422,1.00E-09,1.119578894,8.44014E-05
8.45004225,1.00E-09,1.121142548,8.45014E-05
8.4600423,1.00E-09,1.122632932,8.46014E-05
8.47004235,1.00E-09,1.12391736,8.47014E-05
8.4800424,1.00E-09,1.12488156,8.48014E-05
8.49004245,1.00E-09,1.125439845,8.49014E-05
8.5000425,1.00E-09,1.125542733,8.50014E-05
8.51004255,1.00E-09,1.125181331,8.51014E-05
8.5200426,1.00E-09,1.124388107,8.52014E-05
8.53004265,1.00E-09,1.123233963,8.53014E-05
8.5400427,1.00E-09,1.121821899,8.54014E-05
8.55004275,1.00E-09,1.120277811,8.55014E-05
8.5600428,1.00E-09,1.118739263,8.56014E-05
8.57004285,1.00E-09,1.117343223,8.57014E-05
8.5800429,1.00E-09,1.116213869,8.58014E-05
8.59004295,1.00E-09,1.11545153,8.59014E-05
8.600043,1.00E-09,1.115123776,8.60014E-05
8.61004305,1.00E-09,1.115259418,8.61014E-05
8.6200431,1.00E-09,1.115845974,8.62014E-05
8.63004315,1.00E-09,1.116830817,8.63014E-05
8.6400432,1.00E-09,1.11812589,8.64014E-05
8.65004325,1.00E-09,1.119615589,8.65014E-05
8.6600433,1.00E-09,1.121167091,8.66014E-05
8.67004335,1.00E-09,1.122642199,8.67014E-05
8.6800434,1.00E-09,1.123909673,8.68014E-05
8.69004345,1.00E-09,1.124856911,8.69014E-05
8.7000435,1.00E-09,1.12539996,8.70014E-05
8.71004355,1.00E-09,1.125490963,8.71014E-05
8.7200436,1.00E-09,1.125122372,8.72014E-05
8.73004365,1.00E-09,1.124327572,8.73014E-05
8.7400437,1.00E-09,1.123177847,8.74014E-05
8.75004375,1.00E-09,1.121775987,8.75014E-05
8.7600438,1.00E-09,1.120247092,8.76014E-05
8.77004385,1.00E-09,1.118727402,8.77014E-05
8.7800439,1.00E-09,1.117352153,8.78014E-05
8.79004395,1.00E-09,1.116243543,8.79014E-05
8.800044,1.00E-09,1.115499862,8.80014E-05
8.81004405,1.00E-09,1.115186778,8.81014E-05
8.8200441,1.00E-09,1.115331529,8.82014E-05
8.83004415,1.00E-09,1.115920553,8.83014E-05
8.8400442,1.00E-09,1.116900744,8.84014E-05
8.85004425,1.00E-09,1.118184248,8.85014E-05
8.8600443,1.00E-09,1.119656334,8.86014E-05
8.87004435,1.00E-09,1.121185663,8.87014E-05
8.8800444,1.00E-09,1.122636017,8.88014E-05
8.89004445,1.00E-09,1.123878442,8.89014E-05
8.9000445,1.00E-09,1.124802731,8.90014E-05
8.91004455,1.00E-09,1.125327201,8.91014E-05
8.9200446,1.00E-09,1.125405915,8.92014E-05
8.93004465,1.00E-09,1.125032704,8.93014E-05
8.9400447,1.00E-09,1.124241637,8.94014E-05
8.95004475,1.00E-09,1.123103901,8.95014E-05
8.9600448,1.00E-09,1.121721398,8.96014E-05
8.97004485,1.00E-09,1.120217609,8.97014E-05
8.9800449,1.00E-09,1.118726565,8.98014E-05
8.99004495,1.00E-09,1.117380898,8.99014E-05
9.000045,1.00E-09,1.116300041,9.00015E-05
9.01004505,1.00E-09,1.115579622,9.01015E-05
9.0200451,1.00E-09,1.115283001,9.02015E-05
9.03004515,1.00E-09,1.115435687,9.03015E-05
9.0400452,1.00E-09,1.11602314,9.04015E-05
9.05004525,1.00E-09,1.116992145,9.05015E-05
9.0600453,1.00E-09,1.118255633,9.06015E-05
9.07004535,1.00E-09,1.119700504,9.07015E-05
9.0800454,1.00E-09,1.121197763,9.08015E-05
9.09004545,1.00E-09,1.122614052,9.09015E-05
9.1000455,1.00E-09,1.123823541,9.10015E-05
9.11004555,1.00E-09,1.124719117,9.11015E-05
9.1200456,1.00E-09,1.125221881,9.12015E-05
9.13004565,1.00E-09,1.125288093,9.13015E-05
9.1400457,1.00E-09,1.124912976,9.14015E-05
9.15004575,1.00E-09,1.124131034,9.15015E-05
9.1600458,1.00E-09,1.123012873,9.16015E-05
9.17004585,1.00E-09,1.121658821,9.17015E-05
9.1800459,1.00E-09,1.120189928,9.18015E-05
9.19004595,1.00E-09,1.118737138,9.19015E-05
9.200046,1.00E-09,1.117429623,9.20015E-05
9.21004605,1.00E-09,1.116383289,9.21015E-05
9.2200461,1.00E-09,1.115690503,9.22015E-05
9.23004615,1.00E-09,1.115411927,9.23015E-05
9.2400462,1.00E-09,1.115571207,9.24015E-05
9.25004625,1.00E-09,1.11615295,9.25015E-05
9.2600463,1.00E-09,1.117104207,9.26015E-05
9.27004635,1.00E-09,1.118339281,9.27015E-05
9.2800464,1.00E-09,1.119747456,9.28015E-05
9.29004645,1.00E-09,1.121202933,9.29015E-05
9.3000465,1.00E-09,1.122576081,9.30015E-05
9.31004655,1.00E-09,1.123745002,9.31015E-05
9.3200466,1.00E-09,1.124606362,9.32015E-05
9.33004665,1.00E-09,1.12508453,9.33015E-05
9.3400467,1.00E-09,1.125138217,9.34015E-05
9.35004675,1.00E-09,1.124764034,9.35015E-05
9.3600468,1.00E-09,1.123996658,9.36015E-05
9.37004685,1.00E-09,1.122905618,9.37015E-05
9.3800469,1.00E-09,1.121588995,9.38015E-05
9.39004695,1.00E-09,1.120164597,9.39015E-05
9.400047,1.00E-09,1.118759427,9.40015E-05
9.41004705,1.00E-09,1.117498359,9.41015E-05
9.4200471,1.00E-09,1.116493036,9.42015E-05
9.43004715,1.00E-09,1.115831987,9.43015E-05
9.4400472,1.00E-09,1.115572821,9.44015E-05
9.45004725,1.00E-09,1.115737201,9.45015E-05
9.4600473,1.00E-09,1.116309025,9.46015E-05
9.47004735,1.00E-09,1.117235986,9.47015E-05
9.4800474,1.00E-09,1.118434352,9.48015E-05
9.49004745,1.00E-09,1.119796537,9.49015E-05
9.5000475,1.00E-09,1.121200767,9.50015E-05
9.51004755,1.00E-09,1.122521989,9.51015E-05
9.5200476,1.00E-09,1.123643021,9.52015E-05
9.53004765,1.00E-09,1.124464955,9.53015E-05
9.5400477,1.00E-09,1.124915891,9.54015E-05
9.55004775,1.00E-09,1.124957219,9.55015E-05
9.5600478,1.00E-09,1.124586912,9.56015E-05
9.57004785,1.00E-09,1.123839552,9.57015E-05
9.5800479,1.00E-09,1.122783096,9.58015E-05
9.59004795,1.00E-09,1.121512699,9.59015E-05
9.600048,1.00E-09,1.120142144,9.60015E-05
9.61004805,1.00E-09,1.118793653,9.61015E-05
9.6200481,1.00E-09,1.117586996,9.62015E-05
9.63004815,1.00E-09,1.116628847,9.63015E-05
9.6400482,1.00E-09,1.116003353,9.64015E-05
9.65004825,1.00E-09,1.115764737,9.65015E-05
9.6600483,1.00E-09,1.115932582,9.66015E-05
9.67004835,1.00E-09,1.116490232,9.67015E-05
9.6800484,1.00E-09,1.117386411,9.68015E-05
9.69004845,1.00E-09,1.118539939,9.69015E-05
9.7000485,1.00E-09,1.119847085,9.70015E-05
9.71004855,1.00E-09,1.121190919,9.71015E-05
9.7200486,1.00E-09,1.12245178,9.72015E-05
9.73004865,1.00E-09,1.123517953,9.73015E-05
9.7400487,1.00E-09,1.124295579,9.74015E-05
9.75004875,1.00E-09,1.124716917,9.75015E-05
9.7600488,1.00E-09,1.124746235,9.76015E-05
9.77004885,1.00E-09,1.124382831,9.77015E-05
9.7800489,1.00E-09,1.123660907,9.78015E-05
9.79004895,1.00E-09,1.122646356,9.79015E-05
9.800049,1.00E-09,1.121430747,9.80015E-05
9.81004905,1.00E-09,1.120123066,9.81015E-05
9.8200491,1.00E-09,1.11883995,9.82015E-05
9.83004915,1.00E-09,1.117695288,9.83015E-05
9.8400492,1.00E-09,1.116790113,9.84015E-05
9.85004925,1.00E-09,1.116203681,9.85015E-05
9.8600493,1.00E-09,1.115986521,9.86015E-05
9.87004935,1.00E-09,1.116156071,9.87015E-05
9.8800494,1.00E-09,1.116695282,9.88015E-05
9.89004945,1.00E-09,1.1175543,9.89015E-05
9.9000495,1.00E-09,1.118655072,9.90015E-05
9.91004955,1.00E-09,1.119898443,9.91015E-05
9.9200496,1.00E-09,1.121173102,9.92015E-05
9.93004965,1.00E-09,1.12236557,9.93015E-05
9.9400497,1.00E-09,1.123370317,9.94015E-05
9.95004975,1.00E-09,1.12409911,9.95015E-05
9.9600498,1.00E-09,1.124488763,9.96015E-05
9.97004985,1.00E-09,1.124506602,9.97015E-05
9.9800499,1.00E-09,1.124153185,9.98015E-05
9.99004995,1.00E-09,1.12346205,9.99015E-05
10.00005,1.00E-09,1.122496535,0.000100002
10.01005005,1.00E-09,1.121343979,0.000100102
10.0200501,1.00E-09,1.120107828,0.000100202
10.03005015,1.00E-09,1.118898359,0.000100302
10.0400502,1.00E-09,1.117822845,0.000100402
10.05005025,1.00E-09,1.116976046,0.000100502
10.0600503,1.00E-09,1.116431852,0.000100602
10.07005035,1.00E-09,1.116236824,0.000100702
10.0800504,1.00E-09,1.116406204,0.000100802
10.09005045,1.00E-09,1.11692273,0.000100902
10.1000505,1.00E-09,1.11773836,0.000101002
10.11005055,1.00E-09,1.118778733,0.000101102
10.1200506,1.00E-09,1.119949956,0.000101202
10.13005065,1.00E-09,1.121147095,0.000101302
10.1400507,1.00E-09,1.122263597,0.000101402
10.15005075,1.00E-09,1.123200789,0.000101502
10.1600508,1.00E-09,1.123876608,0.000101602
10.17005085,1.00E-09,1.124232782,0.000101702
10.1800509,1.00E-09,1.124239843,0.000101802
10.19005095,1.00E-09,1.123899533,0.000101902
10.200051,1.00E-09,1.123244433,0.000102002
10.21005105,1.00E-09,1.122334845,0.000102102
10.2200511,1.00E-09,1.121253255,0.000102202
10.23005115,1.00E-09,1.120096856,0.000102302
10.2400512,1.00E-09,1.11896883,0.000102402
10.25005125,1.00E-09,1.117969142,0.000102502
10.2600513,1.00E-09,1.117185688,0.000102602
10.27005135,1.00E-09,1.116686557,0.000102702
10.2800514,1.00E-09,1.116514103,0.000102802
10.29005145,1.00E-09,1.116681344,0.000102902
10.3000515,1.00E-09,1.117170992,0.000103002
10.31005155,1.00E-09,1.117937203,0.000103102
10.3200516,1.00E-09,1.118909858,0.000103202
10.33005165,1.00E-09,1.120000987,0.000103302
10.3400517,1.00E-09,1.121112748,0.000103402
10.35005175,1.00E-09,1.122146216,0.000103502
10.3600518,1.00E-09,1.123010205,0.000103602
10.37005185,1.00E-09,1.123629317,0.000103702
10.3800519,1.00E-09,1.123950519,0.000103802
10.39005195,1.00E-09,1.123947664,0.000103902
10.400052,1.00E-09,1.12362359,0.000104002
10.41005205,1.00E-09,1.123009623,0.000104102
10.4200521,1.00E-09,1.122162564,0.000104202
10.43005215,1.00E-09,1.121159443,0.000104302
10.4400522,1.00E-09,1.12009053,0.000104402
10.45005225,1.00E-09,1.119051215,0.000104502
10.4600523,1.00E-09,1.118133513,0.000104602
10.47005235,1.00E-09,1.117417911,0.000104702
10.4800524,1.00E-09,1.116966306,0.000104802
10.49005245,1.00E-09,1.116816637,0.000104902
10.5000525,1.00E-09,1.11697969,0.000105002
10.51005255,1.00E-09,1.117438352,0.000105102
10.5200526,1.00E-09,1.118149355,0.000105202
10.53005265,1.00E-09,1.119047348,0.000105302
10.5400527,1.00E-09,1.120050917,0.000105402
10.55005275,1.00E-09,1.121069981,0.000105502
10.5600528,1.00E-09,1.122013901,0.000105602
10.57005285,1.00E-09,1.122799552,0.000105702
10.5800529,1.00E-09,1.123358655,0.000105802
10.59005295,1.00E-09,1.123643694,0.000105902
10.600053,1.00E-09,1.123631938,0.000106002
10.61005305,1.00E-09,1.12332721,0.000106102
10.6200531,1.00E-09,1.122759291,0.000106202
10.63005315,1.00E-09,1.121981025,0.000106302
10.6400532,1.00E-09,1.12106342,0.000106402
10.65005325,1.00E-09,1.120089181,0.000106502
10.6600533,1.00E-09,1.119145271,0.000106602
10.67005335,1.00E-09,1.118315157,0.000106702
10.6800534,1.00E-09,1.117671426,0.000106802
10.69005345,1.00E-09,1.117269434,0.000106902
10.7000535,1.00E-09,1.117142531,0.000107002
10.71005355,1.00E-09,1.117299292,0.000107102
10.7200536,1.00E-09,1.117722976,0.000107202
10.73005365,1.00E-09,1.118373263,0.000107302
10.7400537,1.00E-09,1.119190079,0.000107402
10.75005375,1.00E-09,1.120099153,0.000107502
10.7600538,1.00E-09,1.121018792,0.000107602
10.77005385,1.00E-09,1.121867242,0.000107702
10.7800539,1.00E-09,1.122569967,0.000107802
10.79005395,1.00E-09,1.123066204,0.000107902
10.800054,1.00E-09,1.123314198,0.000108002
10.81005405,1.00E-09,1.123294695,0.000108102
10.8200541,1.00E-09,1.123012381,0.000108202
10.83005415,1.00E-09,1.122495201,0.000108302
10.8400542,1.00E-09,1.121791609,0.000108402
10.85005425,1.00E-09,1.120966054,0.000108502
10.8600543,1.00E-09,1.12009309,0.000108602
10.87005435,1.00E-09,1.119250659,0.000108702
10.8800544,1.00E-09,1.118513142,0.000108802
10.89005445,1.00E-09,1.117944788,0.000108902
10.9000545,1.00E-09,1.117594112,0.000109002
10.91005455,1.00E-09,1.117489736,0.000109102
10.9200546,1.00E-09,1.117638058,0.000109202
10.93005465,1.00E-09,1.118022922,0.000109302
10.9400547,1.00E-09,1.118607314,0.000109402
10.95005475,1.00E-09,1.11933691,0.000109502
10.9600548,1.00E-09,1.120145133,0.000109602
10.97005485,1.00E-09,1.120959253,0.000109702
10.9800549,1.00E-09,1.121706944,0.000109802
10.99005495,1.00E-09,1.122322729,0.000109902
11.000055,1.00E-09,1.122753705,0.000110002
11.01005505,1.00E-09,1.12296408,0.000110102
11.0200551,1.00E-09,1.122938107,0.000110202
11.03005515,1.00E-09,1.122681205,0.000110302
11.0400552,1.00E-09,1.122219195,0.000110402
11.05005525,1.00E-09,1.121595732,0.000110502
11.0600553,1.00E-09,1.120868205,0.000110602
11.07005535,1.00E-09,1.120102478,0.000110702
11.0800554,1.00E-09,1.119366941,0.000110802
11.09005545,1.00E-09,1.118726407,0.000110902
11.1000555,1.00E-09,1.118236407,0.000111002
11.11005555,1.00E-09,1.117938357,0.000111102
11.1200556,1.00E-09,1.117856053,0.000111202
11.13005565,1.00E-09,1.117993775,0.000111302
11.1400557,1.00E-09,1.118336158,0.000111402
11.15005575,1.00E-09,1.11884984,0.000111502
11.1600558,1.00E-09,1.11948669,0.000111602
11.17005585,1.00E-09,1.120188333,0.000111702
11.1800559,1.00E-09,1.120891516,0.000111802
11.19005595,1.00E-09,1.121533827,0.000111902
11.200056,1.00E-09,1.122059252,0.000112002
11.21005605,1.00E-09,1.122423046,0.000112102
11.2200561,1.00E-09,1.122595532,0.000112202
11.23005615,1.00E-09,1.122564476,0.000112302
11.2400562,1.00E-09,1.122335887,0.000112402
11.25005625,1.00E-09,1.121933183,0.000112502
11.2600563,1.00E-09,1.121394833,0.000112602
11.27005635,1.00E-09,1.120770714,0.000112702
11.2800564,1.00E-09,1.12011751,0.000112802
11.29005645,1.00E-09,1.119493585,0.000112902
11.3000565,1.00E-09,1.118953771,0.000113002
11.31005655,1.00E-09,1.118544552,0.000113102
11.3200566,1.00E-09,1.118300047,0.000113202
11.33005665,1.00E-09,1.118239156,0.000113302
11.3400567,1.00E-09,1.118364117,0.000113402
11.35005675,1.00E-09,1.118660572,0.000113502
11.3600568,1.00E-09,1.119099132,0.000113602
11.37005685,1.00E-09,1.119638272,0.000113702
11.3800569,1.00E-09,1.12022827,0.000113802
11.39005695,1.00E-09,1.12081581,0.000113902
11.400057,1.00E-09,1.121348815,0.000114002
11.41005705,1.00E-09,1.121781077,0.000114102
11.4200571,1.00E-09,1.122076248,0.000114202
11.43005715,1.00E-09,1.122210874,0.000114302
11.4400572,1.00E-09,1.122176216,0.000114402
11.45005725,1.00E-09,1.121978716,0.000114502
11.4600573,1.00E-09,1.121639124,0.000114602
11.47005735,1.00E-09,1.121190366,0.000114702
11.4800574,1.00E-09,1.120674394,0.000114802
11.49005745,1.00E-09,1.120138284,0.000114902
11.5000575,1.00E-09,1.119629965,0.000115002
11.51005755,1.00E-09,1.119193935,0.000115102
11.5200576,1.00E-09,1.118867369,0.000115202
11.53005765,1.00E-09,1.118676931,0.000115302
11.5400577,1.00E-09,1.118636601,0.000115402
11.55005775,1.00E-09,1.118746668,0.000115502
11.5600578,1.00E-09,1.118993988,0.000115602
11.57005785,1.00E-09,1.119353454,0.000115702
11.5800579,1.00E-09,1.119790516,0.000115802
11.59005795,1.00E-09,1.120264507,0.000115902
11.600058,1.00E-09,1.120732444,0.000116002
11.61005805,1.00E-09,1.121152938,0.000116102
11.6200581,1.00E-09,1.121489865,0.000116202
11.63005815,1.00E-09,1.121715453,0.000116302
11.6400582,1.00E-09,1.121812545,0.000116402
11.65005825,1.00E-09,1.12177584,0.000116502
11.6600583,1.00E-09,1.121612057,0.000116602
11.67005835,1.00E-09,1.12133902,0.000116702
11.6800584,1.00E-09,1.12098379,0.000116802
11.69005845,1.00E-09,1.120580029,0.000116902
11.7000585,1.00E-09,1.120164838,0.000117002
11.71005855,1.00E-09,1.119775365,0.000117102
11.7200586,1.00E-09,1.119445494,0.000117202
11.73005865,1.00E-09,1.119202884,0.000117302
11.7400587,1.00E-09,1.119066647,0.000117402
11.75005875,1.00E-09,1.119045843,0.000117502
11.7600588,1.00E-09,1.119138928,0.000117602
11.77005885,1.00E-09,1.11933418,0.000117702
11.7800589,1.00E-09,1.119611053,0.000117802
11.79005895,1.00E-09,1.119942301,0.000117902
11.800059,1.00E-09,1.120296659,0.000118002
11.81005905,1.00E-09,1.120641804,0.000118102
11.8200591,1.00E-09,1.120947321,0.000118202
11.83005915,1.00E-09,1.121187383,0.000118302
11.8400592,1.00E-09,1.121342916,0.000118402
11.85005925,1.00E-09,1.121403081,0.000118502
11.8600593,1.00E-09,1.121365942,0.000118602
11.87005935,1.00E-09,1.121238326,0.000118702
11.8800594,1.00E-09,1.121034895,0.000118802
11.89005945,1.00E-09,1.120776554,0.000118902
11.9000595,1.00E-09,1.120488364,0.000119002
11.91005955,1.00E-09,1.12019714,0.000119102
11.9200596,1.00E-09,1.119928983,0.000119202
11.93005965,1.00E-09,1.119706939,0.000119302
11.9400597,1.00E-09,1.11954902,0.000119402
11.95005975,1.00E-09,1.119466731,0.000119502
11.9600598,1.00E-09,1.119464255,0.000119602
11.97005985,1.00E-09,1.119538341,0.000119702
11.9800599,1.00E-09,1.11967889,0.000119802
11.99005995,1.00E-09,1.119870173,0.000119902
12.00006,1.00E-09,1.120092533,0.000120002
12.01006005,1.00E-09,1.120324393,0.000120102
12.0200601,1.00E-09,1.120544354,0.000120202
12.03006015,1.00E-09,1.120733184,0.000120302
12.0400602,1.00E-09,1.120875497,0.000120402
12.05006025,1.00E-09,1.120960984,0.000120502
12.0600603,1.00E-09,1.1209851,0.000120602
12.07006035,1.00E-09,1.120949178,0.000120702
12.0800604,1.00E-09,1.12085998,0.000120802
12.09006045,1.00E-09,1.120728785,0.000120902
12.1000605,1.00E-09,1.120570091,0.000121002
12.11006055,1.00E-09,1.120400097,0.000121102
12.1200606,1.00E-09,1.120235094,0.000121202
12.13006065,1.00E-09,1.12008993,0.000121302
12.1400607,1.00E-09,1.119976674,0.000121402
12.15006075,1.00E-09,1.11990361,0.000121502
12.1600608,1.00E-09,1.119874639,0.000121602
12.17006085,1.00E-09,1.119889142,0.000121702
12.1800609,1.00E-09,1.119942302,0.000121802
12.19006095,1.00E-09,1.120025838,0.000121902
12.200061,1.00E-09,1.120129065,0.000122002
12.21006105,1.00E-09,1.120240152,0.000122102
12.2200611,1.00E-09,1.120347435,0.000122202
12.23006115,1.00E-09,1.120440629,0.000122302
12.2400612,1.00E-09,1.120511826,0.000122402
12.25006125,1.00E-09,1.120556157,0.000122502
12.2600613,1.00E-09,1.120572081,0.000122602
12.27006135,1.00E-09,1.120561289,0.000122702
12.2800614,1.00E-09,1.120528251,0.000122802
12.29006145,1.00E-09,1.1204795,0.000122902
12.3000615,1.00E-09,1.120422725,0.000123002
12.31006155,1.00E-09,1.120365806,0.000123102
12.3200616,1.00E-09,1.120315879,0.000123202
12.33006165,1.00E-09,1.120278537,0.000123302
12.3400617,1.00E-09,1.120257244,0.000123402
12.35006175,1.00E-09,1.120253019,0.000123502
12.3600618,1.00E-09,1.120264408,0.000123602
12.37006185,1.00E-09,1.120287759,0.000123702
12.3800619,1.00E-09,1.12031776,0.000123802
12.39006195,1.00E-09,1.120348181,0.000123902
12.400062,1.00E-09,1.120372744,0.000124002
12.41006205,1.00E-09,1.120386003,0.000124102
12.4200621,1.00E-09,1.120384142,0.000124202
12.43006215,1.00E-09,1.120365571,0.000124302
12.4400622,1.00E-09,1.120331239,0.000124402
12.45006225,1.00E-09,1.120284627,0.000124502
12.4600623,1.00E-09,1.120231388,0.000124602
12.47006235,1.00E-09,1.120178699,0.000124702
12.4800624,1.00E-09,1.120134379,0.000124802
12.49006245,1.00E-09,1.120105893,0.000124902
12.5000625,1.00E-09,1.120099368,0.000125002
12.51006255,1.00E-09,1.12011873,0.000125102
12.5200626,1.00E-09,1.120165066,0.000125202
12.53006265,1.00E-09,1.120236304,0.000125302
12.5400627,1.00E-09,1.120327236,0.000125402
12.55006275,1.00E-09,1.120429887,0.000125502
12.5600628,1.00E-09,1.120534223,0.000125602
12.57006285,1.00E-09,1.120629105,0.000125702
12.5800629,1.00E-09,1.120703431,0.000125802
12.59006295,1.00E-09,1.120747334,0.000125902
12.600063,1.00E-09,1.120753337,0.000126002
12.61006305,1.00E-09,1.120717337,0.000126102
12.6200631,1.00E-09,1.120639291,0.000126202
12.63006315,1.00E-09,1.120523535,0.000126302
12.6400632,1.00E-09,1.120378647,0.000126402
12.65006325,1.00E-09,1.120216859,0.000126502
12.6600633,1.00E-09,1.120053031,0.000126602
12.67006335,1.00E-09,1.119903276,0.000126702
12.6800634,1.00E-09,1.119783376,0.000126802
12.69006345,1.00E-09,1.119707133,0.000126902
12.7000635,1.00E-09,1.119684844,0.000127002
12.71006355,1.00E-09,1.119722061,0.000127102
12.7200636,1.00E-09,1.119818786,0.000127202
12.73006365,1.00E-09,1.11996919,0.000127302
12.7400637,1.00E-09,1.120161909,0.000127402
12.75006375,1.00E-09,1.120380896,0.000127502
12.7600638,1.00E-09,1.120606757,0.000127602
12.77006385,1.00E-09,1.120818476,0.000127702
12.7800639,1.00E-09,1.120995346,0.000127802
12.79006395,1.00E-09,1.121118963,0.000127902
12.800064,1.00E-09,1.121175076,0.000128002
12.81006405,1.00E-09,1.121155138,0.000128102
12.8200641,1.00E-09,1.121057376,0.000128202
12.83006415,1.00E-09,1.12088728,0.000128302
12.8400642,1.00E-09,1.12065742,0.000128402
12.85006425,1.00E-09,1.120386575,0.000128502
12.8600643,1.00E-09,1.120098231,0.000128602
12.87006435,1.00E-09,1.119818541,0.000128702
12.8800644,1.00E-09,1.11957395,0.000128802
12.89006445,1.00E-09,1.119388679,0.000128902
12.9000645,1.00E-09,1.119282328,0.000129002
12.91006455,1.00E-09,1.11926784,0.000129102
12.9200646,1.00E-09,1.119350026,0.000129202
12.93006465,1.00E-09,1.119524835,0.000129302
12.9400647,1.00E-09,1.119779443,0.000129402
12.95006475,1.00E-09,1.120093167,0.000129502
12.9600648,1.00E-09,1.120439156,0.000129602
12.97006485,1.00E-09,1.120786693,0.000129702
12.9800649,1.00E-09,1.12110392,0.000129802
12.99006495,1.00E-09,1.121360741,0.000129902
13.000065,1.00E-09,1.121531648,0.000130002
13.01006505,1.00E-09,1.121598206,0.000130102
13.0200651,1.00E-09,1.121550975,0.000130202
13.03006515,1.00E-09,1.12139066,0.000130302
13.0400652,1.00E-09,1.121128372,0.000130402
13.05006525,1.00E-09,1.120784948,0.000130502
13.0600653,1.00E-09,1.120389329,0.000130602
13.07006535,1.00E-09,1.119976152,0.000130702
13.0800654,1.00E-09,1.119582709,0.000130802
13.09006545,1.00E-09,1.119245575,0.000130902
13.1000655,1.00E-09,1.11899719,0.000131002
13.11006555,1.00E-09,1.118862732,0.000131102
13.1200656,1.00E-09,1.118857586,0.000131202
13.13006565,1.00E-09,1.118985665,0.000131302
13.1400657,1.00E-09,1.119238764,0.000131402
13.15006575,1.00E-09,1.119597023,0.000131502
13.1600658,1.00E-09,1.120030483,0.000131602
13.17006585,1.00E-09,1.120501594,0.000131702
13.1800659,1.00E-09,1.120968482,0.000131802
13.19006595,1.00E-09,1.121388661,0.000131902
13.200066,1.00E-09,1.121722883,0.000132002
13.21006605,1.00E-09,1.121938782,0.000132102
13.2200661,1.00E-09,1.122013966,0.000132202
13.23006615,1.00E-09,1.121938284,0.000132302
13.2400662,1.00E-09,1.121715045,0.000132402
13.25006625,1.00E-09,1.121361039,0.000132502
13.2600663,1.00E-09,1.120905339,0.000132602
13.27006635,1.00E-09,1.120386948,0.000132702
13.2800664,1.00E-09,1.119851476,0.000132802
13.29006645,1.00E-09,1.119347125,0.000132902
13.3000665,1.00E-09,1.118920334,0.000133002
13.31006655,1.00E-09,1.11861149,0.000133102
13.3200666,1.00E-09,1.118451089,0.000133202
13.33006665,1.00E-09,1.118456746,0.000133302
13.3400667,1.00E-09,1.118631324,0.000133402
13.35006675,1.00E-09,1.118962388,0.000133502
13.3600668,1.00E-09,1.119423059,0.000133602
13.37006685,1.00E-09,1.119974195,0.000133702
13.3800669,1.00E-09,1.12056773,0.000133802
13.39006695,1.00E-09,1.121150869,0.000133902
13.400067,1.00E-09,1.12167078,0.000134002
13.41006705,1.00E-09,1.122079366,0.000134102
13.4200671,1.00E-09,1.122337686,0.000134202
13.43006715,1.00E-09,1.12241964,0.000134302
13.4400672,1.00E-09,1.122314559,0.000134402
13.45006725,1.00E-09,1.12202846,0.000134502
13.4600673,1.00E-09,1.121583826,0.000134602
13.47006735,1.00E-09,1.121017887,0.000134702
13.4800674,1.00E-09,1.120379534,0.000134802
13.49006745,1.00E-09,1.119725104,0.000134902
13.5000675,1.00E-09,1.119113404,0.000135002
13.51006755,1.00E-09,1.118600413,0.000135102
13.5200676,1.00E-09,1.118234135,0.000135202
13.53006765,1.00E-09,1.118050099,0.000135302
13.5400677,1.00E-09,1.118067922,0.000135402
13.55006775,1.00E-09,1.118289272,0.000135502
13.5600678,1.00E-09,1.118697444,0.000135602
13.57006785,1.00E-09,1.119258597,0.000135702
13.5800679,1.00E-09,1.119924571,0.000135802
13.59006795,1.00E-09,1.120637027,0.000135902
13.600068,1.00E-09,1.121332562,0.000136002
13.61006805,1.00E-09,1.121948351,0.000136102
13.6200681,1.00E-09,1.122427796,0.000136202
13.63006815,1.00E-09,1.122725717,0.000136302
13.6400682,1.00E-09,1.122812575,0.000136402
13.65006825,1.00E-09,1.12267737,0.000136502
13.6600683,1.00E-09,1.122328916,0.000136602
13.67006835,1.00E-09,1.121795364,0.000136702
13.6800684,1.00E-09,1.121121963,0.000136802
13.69006845,1.00E-09,1.120367252,0.000136902
13.7000685,1.00E-09,1.119597977,0.000137002
13.71006855,1.00E-09,1.11888318,0.000137102
13.7200686,1.00E-09,1.118287986,0.000137202
13.73006865,1.00E-09,1.117867647,0.000137302
13.7400687,1.00E-09,1.117662403,0.000137402
13.75006875,1.00E-09,1.117693636,0.000137502
13.7600688,1.00E-09,1.11796169,0.000137602
13.77006885,1.00E-09,1.118445574,0.000137702
13.7800689,1.00E-09,1.119104599,0.000137802
13.79006895,1.00E-09,1.119881805,0.000137902
13.800069,1.00E-09,1.120708897,0.000138002
13.81006905,1.00E-09,1.121512248,0.000138102
13.8200691,1.00E-09,1.122219448,0.000138202
13.83006915,1.00E-09,1.122765815,0.000138302
13.8400692,1.00E-09,1.123100292,0.000138402
13.85006925,1.00E-09,1.123190195,0.000138502
13.8600693,1.00E-09,1.12302438,0.000138602
13.87006935,1.00E-09,1.122614524,0.000138702
13.8800694,1.00E-09,1.121994378,0.000138802
13.89006945,1.00E-09,1.121217018,0.000138902
13.9000695,1.00E-09,1.120350328,0.000139002
13.91006955,1.00E-09,1.119471073,0.000139102
13.9200696,1.00E-09,1.11865809,0.000139202
13.93006965,1.00E-09,1.117985202,0.000139302
13.9400697,1.00E-09,1.117514492,0.000139402
13.95006975,1.00E-09,1.117290562,0.000139502
13.9600698,1.00E-09,1.117336316,0.000139602
13.97006985,1.00E-09,1.117650654,0.000139702
13.9800699,1.00E-09,1.118208321,0.000139802
13.99006995,1.00E-09,1.118961935,0.000139902
14.00007,1.00E-09,1.119846021,0.000140002
14.01007005,1.00E-09,1.120782708,0.000140102
14.0200701,1.00E-09,1.121688594,0.000140202
14.03007015,1.00E-09,1.122482164,0.000140302
14.0400702,1.00E-09,1.12309111,0.000140402
14.05007025,1.00E-09,1.123458902,0.000140502
14.0600703,1.00E-09,1.123550019,0.000140602
14.07007035,1.00E-09,1.123353359,0.000140702
14.0800704,1.00E-09,1.122883503,0.000140802
14.09007045,1.00E-09,1.122179695,0.000140902
14.1000705,1.00E-09,1.12130259,0.000141002
14.11007055,1.00E-09,1.120329047,0.000141102
14.1200706,1.00E-09,1.119345395,0.000141202
14.13007065,1.00E-09,1.118439764,0.000141302
14.1400707,1.00E-09,1.117694169,0.000141402
14.15007075,1.00E-09,1.117177063,0.000141502
14.1600708,1.00E-09,1.116937042,0.000141602
14.17007085,1.00E-09,1.116998277,0.000141702
14.1800709,1.00E-09,1.117358123,0.000141802
14.19007095,1.00E-09,1.117987114,0.000141902
14.200071,1.00E-09,1.118831379,0.000142002
14.21007105,1.00E-09,1.119817267,0.000142102
14.2200711,1.00E-09,1.120857783,0.000142202
14.23007115,1.00E-09,1.121860263,0.000142302
14.2400712,1.00E-09,1.122734621,0.000142402
14.25007125,1.00E-09,1.123401432,0.000142502
14.2600713,1.00E-09,1.123799129,0.000142602
14.27007135,1.00E-09,1.12388968,0.000142702
14.2800714,1.00E-09,1.123662201,0.000142802
14.29007145,1.00E-09,1.123134195,0.000142902
14.3000715,1.00E-09,1.12235025,0.000143002
14.31007155,1.00E-09,1.1213783,0.000143102
14.3200716,1.00E-09,1.120303749,0.000143202
14.33007165,1.00E-09,1.119221968,0.000143302
14.3400717,1.00E-09,1.118229813,0.000143402
14.35007175,1.00E-09,1.117416938,0.000143502
14.3600718,1.00E-09,1.116857668,0.000143602
14.37007185,1.00E-09,1.116604194,0.000143702
14.3800719,1.00E-09,1.116681708,0.000143802
14.39007195,1.00E-09,1.117085927,0.000143902
14.400072,1.00E-09,1.11778326,0.000144002
14.41007205,1.00E-09,1.1187136,0.000144102
14.4200721,1.00E-09,1.119795522,0.000144202
14.43007215,1.00E-09,1.120933412,0.000144302
14.4400722,1.00E-09,1.122025921,0.000144402
14.45007225,1.00E-09,1.122974984,0.000144502
14.4600723,1.00E-09,1.123694611,0.000144602
14.47007235,1.00E-09,1.124118667,0.000144702
14.4800724,1.00E-09,1.124206937,0.000144802
14.49007245,1.00E-09,1.123948934,0.000144902
14.5000725,1.00E-09,1.123365072,0.000145002
14.51007255,1.00E-09,1.122505096,0.000145102
14.5200726,1.00E-09,1.121443861,0.000145202
14.53007265,1.00E-09,1.120274828,0.000145302
14.5400727,1.00E-09,1.119101826,0.000145402
14.55007275,1.00E-09,1.11802982,0.000145502
14.5600728,1.00E-09,1.117155492,0.000145602
14.57007285,1.00E-09,1.116558509,0.000145702
14.5800729,1.00E-09,1.116294245,0.000145802
14.59007295,1.00E-09,1.116388657,0.000145902
14.600073,1.00E-09,1.116835754,0.000146002
14.61007305,1.00E-09,1.117597939,0.000146102
14.6200731,1.00E-09,1.118609168,0.000146202
14.63007315,1.00E-09,1.119780695,0.000146302
14.6400732,1.00E-09,1.121008855,0.000146402
14.65007325,1.00E-09,1.122184249,0.000146502
14.6600733,1.00E-09,1.123201475,0.000146602
14.67007335,1.00E-09,1.123968574,0.000146702
14.6800734,1.00E-09,1.124415331,0.000146802
14.69007345,1.00E-09,1.124499696,0.000146902
14.7000735,1.00E-09,1.124211737,0.000147002
14.71007355,1.00E-09,1.123574749,0.000147102
14.7200736,1.00E-09,1.122643404,0.000147202
14.73007365,1.00E-09,1.121499072,0.000147302
14.7400737,1.00E-09,1.120242724,0.000147402
14.75007375,1.00E-09,1.118986009,0.000147502
14.7600738,1.00E-09,1.117841321,0.000147602
14.77007385,1.00E-09,1.116911728,0.000147702
14.7800739,1.00E-09,1.116281668,0.000147802
14.79007395,1.00E-09,1.116009276,0.000147902
14.800074,1.00E-09,1.116121016,0.000148002
14.81007405,1.00E-09,1.11660914,0.000148102
14.8200741,1.00E-09,1.117432194,0.000148202
14.83007415,1.00E-09,1.118518543,0.000148302
14.8400742,1.00E-09,1.119772623,0.000148402
14.85007425,1.00E-09,1.121083347,0.000148502
14.8600743,1.00E-09,1.122333951,0.000148602
14.87007435,1.00E-09,1.123412387,0.000148702
14.8800744,1.00E-09,1.124221356,0.000148802
14.89007445,1.00E-09,1.124687078,0.000148902
14.9000745,1.00E-09,1.124766016,0.000149002
14.91007455,1.00E-09,1.124448949,0.000149102
14.9200746,1.00E-09,1.12376199,0.000149202
14.93007465,1.00E-09,1.122764471,0.000149302
14.9400747,1.00E-09,1.121543823,0.000149402
14.95007475,1.00E-09,1.120207924,0.000149502
14.9600748,1.00E-09,1.11887555,0.000149602
14.97007485,1.00E-09,1.117665803,0.000149702
14.9800749,1.00E-09,1.116687444,0.000149802
14.99007495,1.00E-09,1.116029096,0.000149902
15.000075,1.00E-09,1.115751209,0.000150002
15.01007505,1.00E-09,1.115880512,0.000150102
15.0200751,1.00E-09,1.11640746,0.000150202
15.03007515,1.00E-09,1.117286928,0.000150302
15.0400752,1.00E-09,1.118442077,0.000150402
15.05007525,1.00E-09,1.11977108,0.000150502
15.0600753,1.00E-09,1.121156107,0.000150602
15.07007535,1.00E-09,1.122473765,0.000150702
15.0800754,1.00E-09,1.123606094,0.000150802
15.09007545,1.00E-09,1.124451116,0.000150902
15.1000755,1.00E-09,1.124932018,0.000151002
15.11007555,1.00E-09,1.125004131,0.000151102
15.1200756,1.00E-09,1.124659082,0.000151202
15.13007565,1.00E-09,1.123925719,0.000151302
15.1400757,1.00E-09,1.122867723,0.000151402
15.15007575,1.00E-09,1.12157809,0.000151502
15.1600758,1.00E-09,1.120170952,0.000151602
15.17007585,1.00E-09,1.11877147,0.000151702
15.1800759,1.00E-09,1.117504686,0.000151802
15.19007595,1.00E-09,1.11648433,0.000151902
15.200076,1.00E-09,1.115802596,0.000152002
15.21007605,1.00E-09,1.1155218,0.000152102
15.2200761,1.00E-09,1.115668691,0.000152202
15.23007615,1.00E-09,1.116231918,0.000152302
15.2400762,1.00E-09,1.117162896,0.000152402
15.25007625,1.00E-09,1.11838001,0.000152502
15.2600763,1.00E-09,1.119775778,0.000152602
15.27007635,1.00E-09,1.121226345,0.000152702
15.2800764,1.00E-09,1.122602476,0.000152802
15.29007645,1.00E-09,1.123781066,0.000152902
15.3000765,1.00E-09,1.12465615,0.000153002
15.31007655,1.00E-09,1.12514843,0.000153102
15.3200766,1.00E-09,1.125212455,0.000153202
15.33007665,1.00E-09,1.124840829,0.000153302
15.3400767,1.00E-09,1.12406502,0.000153402
15.35007675,1.00E-09,1.122952719,0.000153502
15.3600768,1.00E-09,1.121601938,0.000153602
15.37007685,1.00E-09,1.120132368,0.000153702
15.3800769,1.00E-09,1.118674768,0.000153802
15.39007695,1.00E-09,1.117359313,0.000153902
15.400077,1.00E-09,1.11630395,0.000154002
15.41007705,1.00E-09,1.115603808,0.000154102
15.4200771,1.00E-09,1.115322618,0.000154202
15.43007715,1.00E-09,1.115486914,0.000154302
15.4400772,1.00E-09,1.116083539,0.000154402
15.45007725,1.00E-09,1.117060702,0.000154502
15.4600773,1.00E-09,1.118332477,0.000154602
15.47007735,1.00E-09,1.119786368,0.000154702
15.4800774,1.00E-09,1.121293268,0.000154802
15.49007745,1.00E-09,1.122718919,0.000154902
15.5000775,1.00E-09,1.123935878,0.000155002
15.51007755,1.00E-09,1.124834905,0.000155102
15.5200776,1.00E-09,1.125334771,0.000155202
15.53007765,1.00E-09,1.125389597,0.000155302
15.5400777,1.00E-09,1.124993072,0.000155402
15.55007775,1.00E-09,1.124179149,0.000155502
15.5600778,1.00E-09,1.123019149,0.000155602
15.57007785,1.00E-09,1.121615514,0.000155702
15.5800779,1.00E-09,1.120092759,0.000155802
15.59007795,1.00E-09,1.118586412,0.000155902
15.600078,1.00E-09,1.117230942,0.000156002
15.61007805,1.00E-09,1.116147732,0.000156102
15.6200781,1.00E-09,1.115434203,0.000156202
15.63007815,1.00E-09,1.115155042,0.000156302
15.6400782,1.00E-09,1.115336341,0.000156402
15.65007825,1.00E-09,1.115963168,0.000156502
15.6600783,1.00E-09,1.116980799,0.000156602
15.67007835,1.00E-09,1.118299499,0.000156702
15.6800784,1.00E-09,1.119802447,0.000156802
15.69007845,1.00E-09,1.121356087,0.000156902
15.7000785,1.00E-09,1.122821997,0.000157002
15.71007855,1.00E-09,1.124069226,0.000157102
15.7200786,1.00E-09,1.124985989,0.000157202
15.73007865,1.00E-09,1.125489689,0.000157302
15.7400787,1.00E-09,1.125534367,0.000157402
15.75007875,1.00E-09,1.125114892,0.000157502
15.7600788,1.00E-09,1.124267536,0.000157602
15.77007885,1.00E-09,1.123066837,0.000157702
15.7800789,1.00E-09,1.12161905,0.000157802
15.79007895,1.00E-09,1.120052736,0.000157902
15.800079,1.00E-09,1.118507333,0.000158002
15.81007905,1.00E-09,1.117120732,0.000158102
15.8200791,1.00E-09,1.116016959,0.000158202
15.83007915,1.00E-09,1.115295067,0.000158302
15.8400792,1.00E-09,1.115020245,0.000158402
15.85007925,1.00E-09,1.115217929,0.000158502
15.8600793,1.00E-09,1.11587146,0.000158602
15.87007935,1.00E-09,1.116923482,0.000158702
15.8800794,1.00E-09,1.118280992,0.000158802
15.89007945,1.00E-09,1.119823562,0.000158902
15.9000795,1.00E-09,1.121414025,0.000159002
15.91007955,1.00E-09,1.122910685,0.000159102
15.9200796,1.00E-09,1.124179932,0.000159202
15.93007965,1.00E-09,1.125108181,0.000159302
15.9400797,1.00E-09,1.125612035,0.000159402
15.95007975,1.00E-09,1.125645788,0.000159502
15.9600798,1.00E-09,1.125205572,0.000159602
15.97007985,1.00E-09,1.124329783,0.000159702
15.9800799,1.00E-09,1.123095741,0.000159802
15.99007995,1.00E-09,1.121612855,0.000159902
16.00008,1.00E-09,1.120012925,0.000160002
16.01008005,1.00E-09,1.118438412,0.000160102
16.0200801,1.00E-09,1.117029738,0.000160202
16.03008015,1.00E-09,1.115912757,0.000160302
16.0400802,1.00E-09,1.115187495,0.000160402
16.05008025,1.00E-09,1.11491919,0.000160502
16.0600803,1.00E-09,1.115132425,0.000160602
16.07008035,1.00E-09,1.115808876,0.000160702
16.0800804,1.00E-09,1.116888894,0.000160802
16.09008045,1.00E-09,1.118276768,0.000160902
16.1000805,1.00E-09,1.119849214,0.000161002
16.11008055,1.00E-09,1.121466327,0.000161102
16.1200806,1.00E-09,1.12298404,0.000161202
16.13008065,1.00E-09,1.124266957,0.000161302
16.1400807,1.00E-09,1.125200443,0.000161402
16.15008075,1.00E-09,1.125700867,0.000161502
16.1600808,1.00E-09,1.125723102,0.000161602
16.17008085,1.00E-09,1.125264601,0.000161702
16.1800809,1.00E-09,1.124365675,0.000161802
16.19008095,1.00E-09,1.12310595,0.000161902
16.200081,1.00E-09,1.121597313,0.000162002
16.21008105,1.00E-09,1.119973965,0.000162102
16.2200811,1.00E-09,1.118380477,0.000162202
16.23008115,1.00E-09,1.116958898,0.000162302
16.2400812,1.00E-09,1.115836086,0.000162402
16.25008125,1.00E-09,1.11511238,0.000162502
16.2600813,1.00E-09,1.114852623,0.000162602
16.27008135,1.00E-09,1.115080356,0.000162702
16.2800814,1.00E-09,1.115775685,0.000162802
16.29008145,1.00E-09,1.11687702,0.000162902
16.3000815,1.00E-09,1.118286535,0.000163002
16.31008155,1.00E-09,1.119878866,0.000163102
16.3200816,1.00E-09,1.121512262,0.000163202
16.33008165,1.00E-09,1.12304121,0.000163302
16.3400817,1.00E-09,1.12432941,0.000163402
16.35008175,1.00E-09,1.125261928,0.000163502
16.3600818,1.00E-09,1.125755459,0.000163602
16.37008185,1.00E-09,1.125765772,0.000163702
16.3800819,1.00E-09,1.12529168,0.000163802
16.39008195,1.00E-09,1.124375171,0.000163902
16.400082,1.00E-09,1.123097684,0.000164002
16.41008205,1.00E-09,1.121572876,0.000164102
16.4200821,1.00E-09,1.119936495,0.000164202
16.43008215,1.00E-09,1.118334292,0.000164302
16.4400822,1.00E-09,1.116909025,0.000164402
16.45008225,1.00E-09,1.115787735,0.000164502
16.4600823,1.00E-09,1.115070409,0.000164602
16.47008235,1.00E-09,1.114821065,0.000164702
16.4800824,1.00E-09,1.115062035,0.000164802
16.49008245,1.00E-09,1.11577196,0.000164902
16.5000825,1.00E-09,1.116887691,0.000165002
16.51008255,1.00E-09,1.118309903,0.000165102
16.5200826,1.00E-09,1.119911948,0.000165202
16.53008265,1.00E-09,1.121551132,0.000165302
16.5400827,1.00E-09,1.123081442,0.000165402
16.55008275,1.00E-09,1.124366553,0.000165502
16.5600828,1.00E-09,1.125291986,0.000165602
16.57008285,1.00E-09,1.12577531,0.000165702
16.5800829,1.00E-09,1.12577349,0.000165802
16.59008295,1.00E-09,1.125286721,0.000165902
16.600083,1.00E-09,1.124358408,0.000166002
16.61008305,1.00E-09,1.12307129,0.000166102
16.6200831,1.00E-09,1.121540064,0.000166202
16.63008315,1.00E-09,1.119901155,0.000166302
16.6400832,1.00E-09,1.118300553,0.000166402
16.65008325,1.00E-09,1.116880805,0.000166502
16.6600833,1.00E-09,1.115768307,0.000166602
16.67008335,1.00E-09,1.115062052,0.000166702
16.6800834,1.00E-09,1.11482481,0.000166802
16.69008345,1.00E-09,1.11507755,0.000166902
16.7000835,1.00E-09,1.11579758,0.000167002
16.71008355,1.00E-09,1.11692059,0.000167102
16.7200836,1.00E-09,1.11834639,0.000167202
16.73008365,1.00E-09,1.119947859,0.000167302
16.7400837,1.00E-09,1.121582284,0.000167402
16.75008375,1.00E-09,1.12310409,0.000167502
16.7600838,1.00E-09,1.124377812,0.000167602
16.77008385,1.00E-09,1.125290169,0.000167702
16.7800839,1.00E-09,1.125760143,0.000167802
16.79008395,1.00E-09,1.125746175,0.000167902
16.800084,1.00E-09,1.125249846,0.000168002
16.81008405,1.00E-09,1.124315698,0.000168102
16.8200841,1.00E-09,1.123027236,0.000168202
16.83008415,1.00E-09,1.121499454,0.000168302
16.8400842,1.00E-09,1.119868571,0.000168402
16.85008425,1.00E-09,1.118279876,0.000168502
16.8600843,1.00E-09,1.116874781,0.000168602
16.87008435,1.00E-09,1.115778225,0.000168702
16.8800844,1.00E-09,1.115087565,0.000168802
16.89008445,1.00E-09,1.114863922,0.000168902
16.9000845,1.00E-09,1.115126768,0.000169002
16.91008455,1.00E-09,1.11585223,0.000169102
16.9200846,1.00E-09,1.116975249,0.000169202
16.93008465,1.00E-09,1.118395422,0.000169302
16.9400847,1.00E-09,1.119985979,0.000169402
16.95008475,1.00E-09,1.12160511,0.000169502
16.9600848,1.00E-09,1.123108619,0.000169602
16.97008485,1.00E-09,1.12436278,0.000169702
16.9800849,1.00E-09,1.125256239,0.000169802
16.99008495,1.00E-09,1.125709911,0.000169902
17.000085,1.00E-09,1.12568398,0.000170002
17.01008505,1.00E-09,1.12518139,0.000170102
17.0200851,1.00E-09,1.124247527,0.000170202
17.03008515,1.00E-09,1.122966108,0.000170302
17.0400852,1.00E-09,1.121451677,0.000170402
17.05008525,1.00E-09,1.119839358,0.000170502
17.0600853,1.00E-09,1.118272796,0.000170602
17.07008535,1.00E-09,1.116891354,0.000170702
17.0800854,1.00E-09,1.115817716,0.000170802
17.09008545,1.00E-09,1.11514698,0.000170902
17.1000855,1.00E-09,1.114938232,0.000171002
17.11008555,1.00E-09,1.115209338,0.000171102
17.1200856,1.00E-09,1.115935403,0.000171202
17.13008565,1.00E-09,1.117051059,0.000171302
17.1400857,1.00E-09,1.118456347,0.000171402
17.15008575,1.00E-09,1.120025674,0.000171502
17.1600858,1.00E-09,1.121619057,0.000171602
17.17008585,1.00E-09,1.123094615,0.000171702
17.1800859,1.00E-09,1.124321222,0.000171802
17.19008595,1.00E-09,1.125190168,0.000171902
17.200086,1.00E-09,1.125624799,0.000172002
17.21008605,1.00E-09,1.125587283,0.000172102
17.2200861,1.00E-09,1.125081895,0.000172202
17.23008615,1.00E-09,1.124154544,0.000172302
17.2400862,1.00E-09,1.122888605,0.000172402
17.25008625,1.00E-09,1.12139741,0.000172502
17.2600863,1.00E-09,1.119814104,0.000172602
17.27008635,1.00E-09,1.118279755,0.000172702
17.2800864,1.00E-09,1.116930779,0.000172802
17.29008645,1.00E-09,1.115886815,0.000172902
17.3000865,1.00E-09,1.115240107,0.000173002
17.31008655,1.00E-09,1.115047344,0.000173102
17.3200866,1.00E-09,1.115324686,0.000173202
17.33008665,1.00E-09,1.116046409,0.000173302
17.3400867,1.00E-09,1.117147275,0.000173402
17.35008675,1.00E-09,1.118528432,0.000173502
17.3600868,1.00E-09,1.1200663,0.000173602
17.37008685,1.00E-09,1.121623632,0.000173702
17.3800869,1.00E-09,1.123061787,0.000173802
17.39008695,1.00E-09,1.124253081,0.000173902
17.400087,1.00E-09,1.12509214,0.000174002
17.41008705,1.00E-09,1.12550522,0.000174102
17.4200871,1.00E-09,1.125456693,0.000174202
17.43008715,1.00E-09,1.124952104,0.000174302
17.4400872,1.00E-09,1.124037564,0.000174402
17.45008725,1.00E-09,1.12279553,0.000174502
17.4600873,1.00E-09,1.12133737,0.000174602
17.47008735,1.00E-09,1.119793371,0.000174702
17.4800874,1.00E-09,1.118301102,0.000174802
17.49008745,1.00E-09,1.116993154,0.000174902
17.5000875,1.00E-09,1.115985362,0.000175002
17.51008755,1.00E-09,1.115366535,0.000175102
17.5200876,1.00E-09,1.115190629,0.000175202
17.53008765,1.00E-09,1.115472029,0.000175302
17.5400877,1.00E-09,1.116184375,0.000175402
17.55008775,1.00E-09,1.117263016,0.000175502
17.5600878,1.00E-09,1.118610879,0.000175602
17.57008785,1.00E-09,1.120107211,0.000175702
17.5800879,1.00E-09,1.121618409,0.000175802
17.59008795,1.00E-09,1.123009971,0.000175902
17.600088,1.00E-09,1.124158477,0.000176002
17.61008805,1.00E-09,1.124962553,0.000176102
17.6200881,1.00E-09,1.125351818,0.000176202
17.63008815,1.00E-09,1.12529304,0.000176302
17.6400882,1.00E-09,1.124792962,0.000176402
17.65008825,1.00E-09,1.123897553,0.000176502
17.6600883,1.00E-09,1.122687787,0.000176602
17.67008835,1.00E-09,1.121272309,0.000176702
17.6800884,1.00E-09,1.119777685,0.000176802
17.69008845,1.00E-09,1.118337087,0.000176902
17.7000885,1.00E-09,1.117078425,0.000177002
17.71008855,1.00E-09,1.116112996,0.000177102
17.7200886,1.00E-09,1.115525631,0.000177202
17.73008865,1.00E-09,1.115367237,0.000177302
17.7400887,1.00E-09,1.115650372,0.000177402
17.75008875,1.00E-09,1.116348255,0.000177502
17.7600888,1.00E-09,1.117397283,0.000177602
17.77008885,1.00E-09,1.118702825,0.000177702
17.7800889,1.00E-09,1.120147767,0.000177802
17.79008895,1.00E-09,1.121603034,0.000177902
17.800089,1.00E-09,1.122939136,0.000178002
17.81008905,1.00E-09,1.124037712,0.000178102
17.8200891,1.00E-09,1.124802019,0.000178202
17.83008915,1.00E-09,1.12516546,0.000178302
17.8400892,1.00E-09,1.125097373,0.000178402
17.85008925,1.00E-09,1.124605601,0.000178502
17.8600893,1.00E-09,1.123735628,0.000178602
17.87008935,1.00E-09,1.122566366,0.000178702
17.8800894,1.00E-09,1.121203001,0.000178802
17.89008945,1.00E-09,1.119767531,0.000178902
17.9000895,1.00E-09,1.118387854,0.000179002
17.91008955,1.00E-09,1.117186379,0.000179102
17.9200896,1.00E-09,1.116269163,0.000179202
17.93008965,1.00E-09,1.115716545,0.000179302
17.9400897,1.00E-09,1.115576096,0.000179402
17.95008975,1.00E-09,1.115858519,0.000179502
17.9600898,1.00E-09,1.116536837,0.000179602
17.97008985,1.00E-09,1.117548959,0.000179702
17.9800899,1.00E-09,1.118803354,0.000179802
17.99008995,1.00E-09,1.120187341,0.000179902
18.00009,1.00E-09,1.121577228,0.000180002
18.01009005,1.00E-09,1.122849387,0.000180102
18.0200901,1.00E-09,1.123891265,0.000180202
18.03009015,1.00E-09,1.124611357,0.000180302
18.0400902,1.00E-09,1.124947234,0.000180402
18.05009025,1.00E-09,1.124870949,0.000180502
18.0600903,1.00E-09,1.124391339,0.000180602
18.07009035,1.00E-09,1.123553041,0.000180702
18.0800904,1.00E-09,1.122432344,0.000180802
18.09009045,1.00E-09,1.121130242,0.000180902
18.1000905,1.00E-09,1.119763345,0.000181002
18.11009055,1.00E-09,1.11845344,0.000181102
18.1200906,1.00E-09,1.117316644,0.000181202
18.13009065,1.00E-09,1.116453113,0.000181302
18.1400907,1.00E-09,1.115938212,0.000181402
18.15009075,1.00E-09,1.115815921,0.000181502
18.1600908,1.00E-09,1.116095078,0.000181602
18.17009085,1.00E-09,1.11674875,0.000181702
18.1800909,1.00E-09,1.11771682,0.000181802
18.19009095,1.00E-09,1.118911502,0.000181902
18.200091,1.00E-09,1.12022532,0.000182002
18.21009105,1.00E-09,1.121540794,0.000182102
18.2200911,1.00E-09,1.122740961,0.000182202
18.23009115,1.00E-09,1.123719798,0.000182302
18.2400912,1.00E-09,1.124391592,0.000182402
18.25009125,1.00E-09,1.124698441,0.000182502
18.2600913,1.00E-09,1.124615232,0.000182602
18.27009135,1.00E-09,1.124151666,0.000182702
18.2800914,1.00E-09,1.123351177,0.000182802
18.29009145,1.00E-09,1.122286866,0.000182902
18.3000915,1.00E-09,1.121054836,0.000183002
18.31009155,1.00E-09,1.119765515,0.000183102
18.3200916,1.00E-09,1.118533773,0.000183202
18.33009165,1.00E-09,1.117468692,0.000183302
18.3400917,1.00E-09,1.116663905,0.000183402
18.35009175,1.00E-09,1.116189359,0.000183502
18.3600918,1.00E-09,1.116085221,0.000183602
18.37009185,1.00E-09,1.116358474,0.000183702
18.3800919,1.00E-09,1.116982478,0.000183802
18.39009195,1.00E-09,1.117899545,0.000183902
18.400092,1.00E-09,1.119026268,0.000184002
18.41009205,1.00E-09,1.12026112,0.000184102
18.4200921,1.00E-09,1.121493618,0.000184202
18.43009215,1.00E-09,1.122614236,0.000184302
18.4400922,1.00E-09,1.123524147,0.000184402
18.45009225,1.00E-09,1.12414395,0.000184502
18.4600923,1.00E-09,1.124420589,0.000184602
18.47009235,1.00E-09,1.124331877,0.000184702
18.4800924,1.00E-09,1.123888235,0.000184802
18.49009245,1.00E-09,1.123131534,0.000184902
18.5000925,1.00E-09,1.122131146,0.000185002
18.51009255,1.00E-09,1.120977593,0.000185102
18.5200926,1.00E-09,1.11977437,0.000185202
18.53009265,1.00E-09,1.118628669,0.000185302
18.5400927,1.00E-09,1.117641838,0.000185402
18.55009275,1.00E-09,1.11690041,0.000185502
18.5600928,1.00E-09,1.116468513,0.000185602
18.57009285,1.00E-09,1.11638231,0.000185702
18.5800929,1.00E-09,1.116646958,0.000185802
18.59009295,1.00E-09,1.117236364,0.000185902
18.600093,1.00E-09,1.118095726,0.000186002
18.61009305,1.00E-09,1.119146622,0.000186102
18.6200931,1.00E-09,1.120294183,0.000186202
18.63009315,1.00E-09,1.121435675,0.000186302
18.6400932,1.00E-09,1.122469722,0.000186402
18.65009325,1.00E-09,1.123305319,0.000186502
18.6600933,1.00E-09,1.123869849,0.000186602
18.67009335,1.00E-09,1.124115382,0.000186702
18.6800934,1.00E-09,1.12402272,0.000186802
18.69009345,1.00E-09,1.123602852,0.000186902
18.7000935,1.00E-09,1.122895723,0.000187002
18.71009355,1.00E-09,1.121966446,0.000187102
18.7200936,1.00E-09,1.120899316,0.000187202
18.73009365,1.00E-09,1.119790177,0.000187302
18.7400937,1.00E-09,1.118737831,0.000187402
18.75009375,1.00E-09,1.117835241,0.000187502
18.7600938,1.00E-09,1.117161318,0.000187602
18.77009385,1.00E-09,1.116774011,0.000187702
18.7800939,1.00E-09,1.116705315,0.000187802
18.79009395,1.00E-09,1.116958618,0.000187902
18.800094,1.00E-09,1.117508632,0.000188002
18.81009405,1.00E-09,1.11830388,0.000188102
18.8200941,1.00E-09,1.119271512,0.000188202
18.83009415,1.00E-09,1.12032399,0.000188302
18.8400942,1.00E-09,1.121367028,0.000188402
18.85009425,1.00E-09,1.122308066,0.000188502
18.8600943,1.00E-09,1.123064491,0.000188602
18.87009435,1.00E-09,1.123570894,0.000188702
18.8800944,1.00E-09,1.12378471,0.000188802
18.89009445,1.00E-09,1.123689768,0.000188902
18.9000945,1.00E-09,1.123297458,0.000189002
18.91009455,1.00E-09,1.122645448,0.000189102
18.9200946,1.00E-09,1.121794078,0.000189202
18.93009465,1.00E-09,1.120820798,0.000189302
18.9400947,1.00E-09,1.119813138,0.000189402
18.95009475,1.00E-09,1.118860849,0.000189502
18.9600948,1.00E-09,1.118047914,0.000189602
18.97009485,1.00E-09,1.117445147,0.000189702
18.9800949,1.00E-09,1.117104005,0.000189802
18.99009495,1.00E-09,1.117052189,0.000189902
19.000095,1.00E-09,1.117291391,0.000190002
19.01009505,1.00E-09,1.117797388,0.000190102
19.0200951,1.00E-09,1.118522459,0.000190202
19.03009515,1.00E-09,1.119399875,0.000190302
19.0400952,1.00E-09,1.120350062,0.000190402
19.05009525,1.00E-09,1.121287832,0.000190502
19.0600953,1.00E-09,1.122130048,0.000190602
19.07009535,1.00E-09,1.122803001,0.000190702
19.0800954,1.00E-09,1.123248864,0.000190802
19.09009545,1.00E-09,1.123430636,0.000190902
19.1000955,1.00E-09,1.123335185,0.000191002
19.11009555,1.00E-09,1.122974124,0.000191102
19.1200956,1.00E-09,1.122382494,0.000191202
19.13009565,1.00E-09,1.121615382,0.000191302
19.1400957,1.00E-09,1.120742815,0.000191402
19.15009575,1.00E-09,1.119843389,0.000191502
19.1600958,1.00E-09,1.118997199,0.000191602
19.17009585,1.00E-09,1.118278721,0.000191702
19.1800959,1.00E-09,1.117750247,0.000191802
19.19009595,1.00E-09,1.117456478,0.000191902
19.200096,1.00E-09,1.117420728,0.000192002
19.21009605,1.00E-09,1.117643081,0.000192102
19.2200961,1.00E-09,1.118100643,0.000192202
19.23009615,1.00E-09,1.118749858,0.000192302
19.2400962,1.00E-09,1.119530643,0.000192402
19.25009625,1.00E-09,1.120371968,0.000192502
19.2600963,1.00E-09,1.121198334,0.000192602
19.27009635,1.00E-09,1.121936575,0.000192702
19.2800964,1.00E-09,1.122522341,0.000192802
19.29009645,1.00E-09,1.122905703,0.000192902
19.3000965,1.00E-09,1.123055384,0.000193002
19.31009655,1.00E-09,1.122961276,0.000193102
19.3200966,1.00E-09,1.122635029,0.000193202
19.33009665,1.00E-09,1.12210872,0.000193302
19.3400967,1.00E-09,1.121431724,0.000193402
19.35009675,1.00E-09,1.120666115,0.000193502
19.3600968,1.00E-09,1.11988099,0.000193602
19.37009685,1.00E-09,1.119146249,0.000193702
19.3800969,1.00E-09,1.118526386,0.000193802
19.39009695,1.00E-09,1.118074813,0.000193902
19.400097,1.00E-09,1.117829253,0.000194002
19.41009705,1.00E-09,1.117808578,0.000194102
19.4200971,1.00E-09,1.118011368,0.000194202
19.43009715,1.00E-09,1.118416321,0.000194302
19.4400972,1.00E-09,1.118984434,0.000194402
19.45009725,1.00E-09,1.119662755,0.000194502
19.4600973,1.00E-09,1.120389326,0.000194602
19.47009735,1.00E-09,1.121098873,0.000194702
19.4800974,1.00E-09,1.121728681,0.000194802
19.49009745,1.00E-09,1.122224148,0.000194902
19.5000975,1.00E-09,1.122543508,0.000195002
19.51009755,1.00E-09,1.122661327,0.000195102
19.5200976,1.00E-09,1.122570475,0.000195202
19.53009765,1.00E-09,1.122282449,0.000195302
19.5400977,1.00E-09,1.121826038,0.000195402
19.55009775,1.00E-09,1.121244483,0.000195502
19.5600978,1.00E-09,1.120591416,0.000195602
19.57009785,1.00E-09,1.11992593,0.000195702
19.5800979,1.00E-09,1.119307258,0.000195802
19.59009795,1.00E-09,1.118789502,0.000195902
19.600098,1.00E-09,1.118416894,0.000196002
19.61009805,1.00E-09,1.118220011,0.000196102
19.6200981,1.00E-09,1.118213254,0.000196202
19.63009815,1.00E-09,1.118393828,0.000196302
19.6400982,1.00E-09,1.118742275,0.000196402
19.65009825,1.00E-09,1.119224514,0.000196502
19.6600983,1.00E-09,1.119795161,0.000196602
19.67009835,1.00E-09,1.120401813,0.000196702
19.6800984,1.00E-09,1.120989881,0.000196802
19.69009845,1.00E-09,1.121507517,0.000196902
19.7000985,1.00E-09,1.121910194,0.000197002
19.71009855,1.00E-09,1.122164517,0.000197102
19.7200986,1.00E-09,1.122250965,0.000197202
19.73009865,1.00E-09,1.122165324,0.000197302
19.7400987,1.00E-09,1.121918739,0.000197402
19.75009875,1.00E-09,1.121536405,0.000197502
19.7600988,1.00E-09,1.12105504,0.000197602
19.77009885,1.00E-09,1.120519394,0.000197702
19.7800989,1.00E-09,1.119978123,0.000197802
19.79009895,1.00E-09,1.119479379,0.000197902
19.800099,1.00E-09,1.119066535,0.000198002
19.81009905,1.00E-09,1.118774406,0.000198102
19.8200991,1.00E-09,1.118626299,0.000198202
19.83009915,1.00E-09,1.11863216,0.000198302
19.8400992,1.00E-09,1.118787947,0.000198402
19.85009925,1.00E-09,1.119076302,0.000198502
19.8600993,1.00E-09,1.119468404,0.000198602
19.87009935,1.00E-09,1.119926835,0.000198702
19.8800994,1.00E-09,1.120409161,0.000198802
19.89009945,1.00E-09,1.120871877,0.000198902
19.9000995,1.00E-09,1.121274349,0.000199002
19.91009955,1.00E-09,1.121582378,0.000199102
19.9200996,1.00E-09,1.121771093,0.000199202
19.93009965,1.00E-09,1.121826916,0.000199302
19.9400997,1.00E-09,1.12174846,0.000199402
19.95009975,1.00E-09,1.121546321,0.000199502
19.9600998,1.00E-09,1.121241808,0.000199602
19.97009985,1.00E-09,1.120864765,0.000199702
19.9800999,1.00E-09,1.120450686,0.000199802
19.99009995,1.00E-09,1.120037407,0.000199902
